s1_entity_id	candidate_entity_id	source	score
S1-494314368	S3-914168571	S3	0.875816
S1-494314368	S3-747646989	S3	0.640985
S1-494314368	S2-774790906	S2	0.619562
S1-494314368	S3-853854160	S3	0.615292
S1-494314368	S2-29916859	S2	0.602319
S1-494314368	S2-666468963	S2	0.601865
S1-494314368	S3-924283016	S3	0.601503
S1-494314368	S2-16620072	S2	0.600000
S1-494314368	S2-179008910	S2	0.600000
S1-494314368	S2-194053303	S2	0.600000
S1-494314368	S2-211478623	S2	0.600000
S1-494314368	S2-220677862	S2	0.600000
S1-494314368	S2-256234635	S2	0.600000
S1-494314368	S2-296647624	S2	0.600000
S1-494314368	S2-314031421	S2	0.600000
S1-494314368	S2-396415726	S2	0.600000
S1-494314368	S2-444517156	S2	0.600000
S1-494314368	S2-475198341	S2	0.600000
S1-494314368	S2-527328073	S2	0.600000
S1-494314368	S2-529983794	S2	0.600000
S1-494314368	S2-543861560	S2	0.600000
S1-494314368	S2-552729101	S2	0.600000
S1-494314368	S2-558828380	S2	0.600000
S1-494314368	S2-694308521	S2	0.600000
S1-494314368	S2-824990474	S2	0.600000
S1-494314368	S2-860755382	S2	0.600000
S1-494314368	S2-90702886	S2	0.600000
S1-494314368	S2-937493686	S2	0.600000
S1-494314368	S2-980430578	S2	0.600000
S1-494314368	S3-106867967	S3	0.600000
S1-494314368	S3-139209784	S3	0.600000
S1-494314368	S3-152291262	S3	0.600000
S1-494314368	S3-154410455	S3	0.600000
S1-494314368	S3-158292784	S3	0.600000
S1-494314368	S3-171748545	S3	0.600000
S1-494314368	S3-215055490	S3	0.600000
S1-494314368	S3-215499740	S3	0.600000
S1-494314368	S3-220078363	S3	0.600000
S1-494314368	S3-238361223	S3	0.600000
S1-494314368	S3-249410241	S3	0.600000
S1-494314368	S3-252183542	S3	0.600000
S1-494314368	S3-274209929	S3	0.600000
S1-494314368	S3-319425552	S3	0.600000
S1-494314368	S3-349558404	S3	0.600000
S1-494314368	S3-352435881	S3	0.600000
S1-494314368	S3-373912163	S3	0.600000
S1-494314368	S3-39977532	S3	0.600000
S1-494314368	S3-443489954	S3	0.600000
S1-494314368	S3-46668912	S3	0.600000
S1-494314368	S3-522380104	S3	0.600000
S1-494314368	S3-556867468	S3	0.600000
S1-494314368	S3-614441841	S3	0.600000
S1-494314368	S3-651412066	S3	0.600000
S1-494314368	S3-668077845	S3	0.600000
S1-494314368	S3-707528464	S3	0.600000
S1-494314368	S3-715145405	S3	0.600000
S1-494314368	S3-716190260	S3	0.600000
S1-494314368	S3-817022684	S3	0.600000
S1-494314368	S3-842098619	S3	0.600000
S1-494314368	S3-862705300	S3	0.600000
S1-494314368	S3-899670060	S3	0.600000
S1-494314368	S3-933800876	S3	0.600000
S1-494314368	S3-942256054	S3	0.600000
S1-494314368	S3-952784415	S3	0.600000
S1-494314368	S3-994303232	S3	0.600000
S1-494314368	S3-844451661	S3	0.568682
S1-494314368	S3-485805908	S3	0.566167
S1-494314368	S3-89381038	S3	0.563229
S1-494314368	S2-224013629	S2	0.559879
S1-494314368	S2-666526600	S2	0.553573
S1-494314368	S3-511292464	S3	0.550465
S1-494314368	S3-582087988	S3	0.549945
S1-494314368	S3-442535731	S3	0.549160
S1-494314368	S2-991078226	S2	0.544964
S1-494314368	S3-158088417	S3	0.542783
S1-494314368	S3-446111533	S3	0.542783
S1-494314368	S3-296268840	S3	0.534385
S1-494314368	S3-779832870	S3	0.532010
S1-494314368	S3-943791020	S3	0.531887
S1-494314368	S3-180560607	S3	0.531170
S1-494314368	S2-525860219	S2	0.530991
S1-494314368	S2-57848227	S2	0.530991
S1-494314368	S3-385265115	S3	0.528153
S1-494314368	S3-560232630	S3	0.528006
S1-494314368	S3-952423817	S3	0.523115
S1-494314368	S2-40334348	S2	0.517485
S1-494314368	S2-834843061	S2	0.517176
S1-494314368	S2-765313783	S2	0.516860
S1-494314368	S2-819418028	S2	0.511127
S1-494314368	S2-786813907	S2	0.503255
S1-494314368	S2-296062373	S2	0.499564
S1-494314368	S2-788996404	S2	0.496944
S1-494314368	S2-591961290	S2	0.488769
S1-494314368	S2-125269641	S2	0.487868
S1-494314368	S2-500570785	S2	0.487502
S1-494314368	S2-770242815	S2	0.487502
S1-494314368	S2-911054733	S2	0.487502
S1-494314368	S2-302651732	S2	0.485642
S1-494314368	S2-542822679	S2	0.484665
S1-494314368	S2-952162258	S2	0.481417
S1-494314368	S2-498616704	S2	0.480808
S1-494314368	S2-43748101	S2	0.480057
S1-494314368	S2-706143731	S2	0.479181
S1-494314368	S2-201505127	S2	0.478222
S1-494314368	S2-353601444	S2	0.478222
S1-494314368	S2-772097061	S2	0.478222
S1-494314368	S2-330227198	S2	0.477195
S1-494314368	S3-416126756	S3	0.475646
S1-494314368	S2-655645888	S2	0.289743
S1-494314368	S2-441310864	S2	0.259530
S1-494314368	S2-289159067	S2	0.237595
S1-494314368	S3-116846900	S3	0.233844
S1-494314368	S2-876115147	S2	0.233225
S1-494314368	S2-974239690	S2	0.229302
S1-494314368	S2-119825969	S2	0.227363
S1-494314368	S2-157564299	S2	0.227346
S1-494314368	S2-326941651	S2	0.225690
S1-494314368	S3-353875672	S3	0.218233
S1-494314368	S3-811819798	S3	0.217115
S1-494314368	S2-18011426	S2	0.214482
S1-494314368	S3-495603588	S3	0.209078
S1-494314368	S2-901790634	S2	0.207680
S1-494314368	S2-27792249	S2	0.207067
S1-494314368	S2-414805980	S2	0.206625
S1-494314368	S3-837042062	S3	0.203021
S1-494314368	S3-487349715	S3	0.201647
S1-494314368	S3-901025891	S3	0.201572
S1-494314368	S2-824808091	S2	0.200466
S1-494314368	S3-535718883	S3	0.198490
S1-494314368	S3-389742546	S3	0.198362
S1-494314368	S2-363414016	S2	0.198354
S1-494314368	S3-474357790	S3	0.197671
S1-494314368	S3-946311748	S3	0.197473
S1-494314368	S2-390257099	S2	0.196605
S1-494314368	S2-64765376	S2	0.196605
S1-494314368	S3-105620759	S3	0.196148
S1-494314368	S3-59836810	S3	0.196148
S1-494314368	S3-943410763	S3	0.194106
S1-494314368	S2-626810754	S2	0.192399
S1-494314368	S3-220431182	S3	0.191842
S1-494314368	S2-586077757	S2	0.191554
S1-494314368	S3-662612314	S3	0.190627
S1-494314368	S3-109487547	S3	0.190459
S1-494314368	S3-663213848	S3	0.190453
S1-494314368	S3-132431705	S3	0.188982
S1-494314368	S3-831704093	S3	0.187609
S1-494314368	S3-501910996	S3	0.187402
S1-494314368	S3-724662537	S3	0.187224
S1-494314368	S2-190726911	S2	0.187021
S1-494314368	S2-730690604	S2	0.186950
S1-920290616	S2-183537437	S2	0.672741
S1-920290616	S2-386684911	S2	0.611834
S1-920290616	S3-98231217	S3	0.604355
S1-920290616	S2-919757271	S2	0.602456
S1-920290616	S2-560139047	S2	0.602411
S1-920290616	S2-371820699	S2	0.601562
S1-920290616	S2-289592180	S2	0.601461
S1-920290616	S3-591643705	S3	0.600893
S1-920290616	S2-156458155	S2	0.600000
S1-920290616	S2-161600151	S2	0.600000
S1-920290616	S2-174362697	S2	0.600000
S1-920290616	S2-182350651	S2	0.600000
S1-920290616	S2-193607891	S2	0.600000
S1-920290616	S2-220265577	S2	0.600000
S1-920290616	S2-271490460	S2	0.600000
S1-920290616	S2-302113949	S2	0.600000
S1-920290616	S2-306241143	S2	0.600000
S1-920290616	S2-375346568	S2	0.600000
S1-920290616	S2-405125616	S2	0.600000
S1-920290616	S2-42762108	S2	0.600000
S1-920290616	S2-428965232	S2	0.600000
S1-920290616	S2-44217117	S2	0.600000
S1-920290616	S2-445929596	S2	0.600000
S1-920290616	S2-613512097	S2	0.600000
S1-920290616	S2-615980236	S2	0.600000
S1-920290616	S2-62644675	S2	0.600000
S1-920290616	S2-693349023	S2	0.600000
S1-920290616	S2-707294729	S2	0.600000
S1-920290616	S2-726243827	S2	0.600000
S1-920290616	S2-73465378	S2	0.600000
S1-920290616	S2-735109539	S2	0.600000
S1-920290616	S2-74596235	S2	0.600000
S1-920290616	S2-74847681	S2	0.600000
S1-920290616	S2-793341383	S2	0.600000
S1-920290616	S2-865947176	S2	0.600000
S1-920290616	S2-872466599	S2	0.600000
S1-920290616	S2-933022840	S2	0.600000
S1-920290616	S3-125559521	S3	0.600000
S1-920290616	S3-135148791	S3	0.600000
S1-920290616	S3-161361427	S3	0.600000
S1-920290616	S3-236769667	S3	0.600000
S1-920290616	S3-240366470	S3	0.600000
S1-920290616	S3-260110829	S3	0.600000
S1-920290616	S3-317479600	S3	0.600000
S1-920290616	S3-327198883	S3	0.600000
S1-920290616	S3-341081711	S3	0.600000
S1-920290616	S3-352603628	S3	0.600000
S1-920290616	S3-384277830	S3	0.600000
S1-920290616	S3-415690429	S3	0.600000
S1-920290616	S3-455927238	S3	0.600000
S1-920290616	S3-561121096	S3	0.600000
S1-920290616	S3-644921574	S3	0.600000
S1-920290616	S3-662335575	S3	0.600000
S1-920290616	S3-683857915	S3	0.600000
S1-920290616	S3-694095759	S3	0.600000
S1-920290616	S3-699729744	S3	0.600000
S1-920290616	S3-702517471	S3	0.600000
S1-920290616	S3-764590464	S3	0.600000
S1-920290616	S3-805570448	S3	0.600000
S1-920290616	S3-806293790	S3	0.600000
S1-920290616	S3-848935168	S3	0.600000
S1-920290616	S3-862772692	S3	0.600000
S1-920290616	S3-899573704	S3	0.600000
S1-920290616	S3-900711803	S3	0.600000
S1-920290616	S3-932668805	S3	0.600000
S1-920290616	S3-963939767	S3	0.600000
S1-920290616	S3-981306221	S3	0.600000
S1-920290616	S2-244701343	S2	0.584429
S1-920290616	S2-62879415	S2	0.584429
S1-920290616	S2-233929413	S2	0.576608
S1-920290616	S3-241292464	S3	0.571582
S1-920290616	S3-73240919	S3	0.571582
S1-920290616	S3-745485525	S3	0.571582
S1-920290616	S3-65014761	S3	0.564289
S1-920290616	S3-820618414	S3	0.564289
S1-920290616	S2-447124628	S2	0.556705
S1-920290616	S2-542285747	S2	0.556705
S1-920290616	S2-729953976	S2	0.556705
S1-920290616	S3-914259105	S3	0.555459
S1-920290616	S2-987393850	S2	0.553484
S1-920290616	S3-446669516	S3	0.540763
S1-920290616	S3-976458882	S3	0.540763
S1-920290616	S3-15873532	S3	0.532606
S1-920290616	S3-393773431	S3	0.531932
S1-920290616	S2-788611042	S2	0.531534
S1-920290616	S3-94095890	S3	0.520596
S1-920290616	S3-908692488	S3	0.513446
S1-920290616	S2-297241581	S2	0.508464
S1-920290616	S3-964867419	S3	0.508410
S1-920290616	S3-526616343	S3	0.506435
S1-920290616	S3-359175479	S3	0.505600
S1-920290616	S2-123096697	S2	0.503297
S1-920290616	S3-216505012	S3	0.502963
S1-920290616	S3-355774147	S3	0.502118
S1-920290616	S3-58641691	S3	0.500206
S1-920290616	S3-722414001	S3	0.499808
S1-920290616	S2-193751004	S2	0.497879
S1-920290616	S2-805855857	S2	0.496763
S1-920290616	S2-273863796	S2	0.495536
S1-920290616	S3-620049077	S3	0.494431
S1-920290616	S3-539356142	S3	0.494349
S1-920290616	S3-533334545	S3	0.490620
S1-920290616	S2-27410224	S2	0.490569
S1-920290616	S2-104975814	S2	0.487126
S1-920290616	S2-676300485	S2	0.480990
S1-920290616	S3-232841420	S3	0.479836
S1-920290616	S2-31136620	S2	0.478806
S1-920290616	S2-593407799	S2	0.475440
S1-920290616	S2-431973553	S2	0.474592
S1-920290616	S3-493599137	S3	0.474010
S1-920290616	S2-805665346	S2	0.473036
S1-920290616	S3-669822673	S3	0.471730
S1-920290616	S2-782523420	S2	0.470721
S1-920290616	S2-969531692	S2	0.469490
S1-920290616	S2-534066183	S2	0.468703
S1-920290616	S2-587995191	S2	0.467757
S1-920290616	S2-205710080	S2	0.467532
S1-920290616	S2-406351504	S2	0.466725
S1-920290616	S2-489352348	S2	0.466725
S1-920290616	S2-556090621	S2	0.466725
S1-920290616	S2-619364072	S2	0.466725
S1-920290616	S2-909076340	S2	0.466725
S1-920290616	S2-845773630	S2	0.465296
S1-920290616	S2-7523111	S2	0.441005
S1-920290616	S3-776488825	S3	0.430796
S1-920290616	S3-630695433	S3	0.430132
S1-920290616	S2-244103442	S2	0.418442
S1-920290616	S3-618088504	S3	0.387223
S1-920290616	S3-28920106	S3	0.302139
S1-920290616	S3-268832301	S3	0.297066
S1-920290616	S2-161377337	S2	0.295690
S1-920290616	S2-271174483	S2	0.295690
S1-920290616	S2-686470369	S2	0.290331
S1-920290616	S2-34978905	S2	0.286471
S1-920290616	S2-228295183	S2	0.284861
S1-920290616	S3-112291029	S3	0.280102
S1-920290616	S3-354772279	S3	0.280102
S1-920290616	S2-209623876	S2	0.277206
S1-920290616	S2-397882955	S2	0.271989
S1-920290616	S2-153856606	S2	0.269801
S1-920290616	S2-984470157	S2	0.267786
S1-920290616	S2-641104343	S2	0.261300
S1-920290616	S2-565028711	S2	0.254324
S1-920290616	S2-650609736	S2	0.254324
S1-920290616	S3-843052488	S3	0.245281
S1-920290616	S3-572050766	S3	0.242668
S1-920290616	S3-931323343	S3	0.229275
S1-920290616	S3-131838593	S3	0.220060
S1-920290616	S3-95773935	S3	0.205178
S1-920290616	S3-297086183	S3	0.203955
S1-661952843	S2-104262427	S2	0.689754
S1-661952843	S3-683239864	S3	0.639175
S1-661952843	S2-941277477	S2	0.603463
S1-661952843	S2-135070600	S2	0.600000
S1-661952843	S2-152679098	S2	0.600000
S1-661952843	S2-221972989	S2	0.600000
S1-661952843	S2-223571369	S2	0.600000
S1-661952843	S2-288864823	S2	0.600000
S1-661952843	S2-392333370	S2	0.600000
S1-661952843	S2-493817228	S2	0.600000
S1-661952843	S2-5909137	S2	0.600000
S1-661952843	S2-629699729	S2	0.600000
S1-661952843	S2-712896735	S2	0.600000
S1-661952843	S2-733479821	S2	0.600000
S1-661952843	S2-737915599	S2	0.600000
S1-661952843	S2-808883433	S2	0.600000
S1-661952843	S2-827992150	S2	0.600000
S1-661952843	S2-872695	S2	0.600000
S1-661952843	S2-882584949	S2	0.600000
S1-661952843	S2-896153742	S2	0.600000
S1-661952843	S2-901017225	S2	0.600000
S1-661952843	S2-927659784	S2	0.600000
S1-661952843	S2-988968822	S2	0.600000
S1-661952843	S3-103277190	S3	0.600000
S1-661952843	S3-110271744	S3	0.600000
S1-661952843	S3-129988842	S3	0.600000
S1-661952843	S3-205699575	S3	0.600000
S1-661952843	S3-263658329	S3	0.600000
S1-661952843	S3-34999495	S3	0.600000
S1-661952843	S3-393849873	S3	0.600000
S1-661952843	S3-430742517	S3	0.600000
S1-661952843	S3-444659211	S3	0.600000
S1-661952843	S3-448494163	S3	0.600000
S1-661952843	S3-536281816	S3	0.600000
S1-661952843	S3-654743401	S3	0.600000
S1-661952843	S3-689163340	S3	0.600000
S1-661952843	S3-77551758	S3	0.600000
S1-661952843	S3-792570413	S3	0.600000
S1-661952843	S3-812444698	S3	0.600000
S1-661952843	S3-876664125	S3	0.600000
S1-661952843	S3-89048474	S3	0.600000
S1-661952843	S3-908643527	S3	0.600000
S1-661952843	S3-923477136	S3	0.600000
S1-661952843	S3-925186899	S3	0.600000
S1-661952843	S3-936809760	S3	0.600000
S1-661952843	S3-943124131	S3	0.600000
S1-661952843	S3-980463344	S3	0.600000
S1-661952843	S2-531205620	S2	0.558607
S1-661952843	S3-444630409	S3	0.556312
S1-661952843	S2-147934711	S2	0.555510
S1-661952843	S3-379781931	S3	0.555072
S1-661952843	S3-125893764	S3	0.535086
S1-661952843	S2-517226584	S2	0.534482
S1-661952843	S2-252767763	S2	0.534045
S1-661952843	S3-397854603	S3	0.532420
S1-661952843	S3-856648175	S3	0.532373
S1-661952843	S3-373208953	S3	0.528695
S1-661952843	S3-444740225	S3	0.528695
S1-661952843	S3-502821671	S3	0.526133
S1-661952843	S3-756891918	S3	0.521700
S1-661952843	S3-896581529	S3	0.521700
S1-661952843	S3-90372372	S3	0.518374
S1-661952843	S2-724724895	S2	0.517789
S1-661952843	S3-339056821	S3	0.517285
S1-661952843	S3-327222814	S3	0.516360
S1-661952843	S3-772264133	S3	0.514591
S1-661952843	S3-364582295	S3	0.514358
S1-661952843	S3-178526566	S3	0.513813
S1-661952843	S2-41689771	S2	0.512349
S1-661952843	S2-432824374	S2	0.512349
S1-661952843	S2-461185080	S2	0.512349
S1-661952843	S2-482000391	S2	0.512349
S1-661952843	S2-597438139	S2	0.512349
S1-661952843	S2-655488982	S2	0.512349
S1-661952843	S2-697973591	S2	0.512349
S1-661952843	S2-22119682	S2	0.512163
S1-661952843	S3-821252256	S3	0.511249
S1-661952843	S2-673644751	S2	0.509764
S1-661952843	S3-283918545	S3	0.509572
S1-661952843	S2-648679546	S2	0.506774
S1-661952843	S2-848363556	S2	0.506599
S1-661952843	S3-117890438	S3	0.505656
S1-661952843	S3-400026334	S3	0.505656
S1-661952843	S3-400842192	S3	0.505656
S1-661952843	S3-451071322	S3	0.505656
S1-661952843	S3-51182896	S3	0.505656
S1-661952843	S3-529966197	S3	0.505656
S1-661952843	S3-620746886	S3	0.505656
S1-661952843	S3-732637022	S3	0.505656
S1-661952843	S3-840942161	S3	0.505656
S1-661952843	S3-8906058	S3	0.505656
S1-661952843	S3-91674109	S3	0.505656
S1-661952843	S3-955301717	S3	0.505656
S1-661952843	S3-962570162	S3	0.505656
S1-661952843	S2-721701207	S2	0.505567
S1-661952843	S2-251504319	S2	0.504591
S1-661952843	S2-571186571	S2	0.504421
S1-661952843	S2-643162794	S2	0.503661
S1-661952843	S2-523240371	S2	0.502690
S1-661952843	S2-752968197	S2	0.502638
S1-661952843	S2-786299991	S2	0.502638
S1-661952843	S2-116896492	S2	0.501780
S1-661952843	S2-133018231	S2	0.501780
S1-661952843	S2-286381380	S2	0.501064
S1-661952843	S2-363840151	S2	0.501064
S1-661952843	S2-627621191	S2	0.501064
S1-661952843	S2-740365438	S2	0.501064
S1-661952843	S2-123456543	S2	0.499919
S1-661952843	S2-921162941	S2	0.499919
S1-661952843	S2-504358008	S2	0.499514
S1-661952843	S3-24603407	S3	0.487507
S1-661952843	S3-700519978	S3	0.358323
S1-661952843	S2-785550786	S2	0.357425
S1-661952843	S2-871120477	S2	0.338066
S1-661952843	S3-281302622	S3	0.313391
S1-661952843	S2-178379472	S2	0.286004
S1-661952843	S3-105191705	S3	0.262264
S1-661952843	S2-590403871	S2	0.261083
S1-661952843	S2-830754657	S2	0.258205
S1-661952843	S2-450638938	S2	0.247835
S1-661952843	S2-874235951	S2	0.237639
S1-661952843	S3-465570771	S3	0.234379
S1-661952843	S3-269759710	S3	0.233861
S1-661952843	S2-139753757	S2	0.233468
S1-661952843	S2-814497632	S2	0.233325
S1-661952843	S3-186828011	S3	0.232613
S1-661952843	S2-81465855	S2	0.229352
S1-661952843	S3-363562489	S3	0.218758
S1-661952843	S2-24404502	S2	0.213489
S1-661952843	S3-449138556	S3	0.208648
S1-661952843	S2-123913808	S2	0.207720
S1-661952843	S2-128889718	S2	0.207720
S1-661952843	S2-409939201	S2	0.207720
S1-661952843	S2-621753252	S2	0.203880
S1-661952843	S2-152098678	S2	0.202367
S1-661952843	S3-365409271	S3	0.200864
S1-661952843	S2-637831821	S2	0.200741
S1-661952843	S3-944227479	S3	0.199318
S1-661952843	S3-907383551	S3	0.189972
S1-661952843	S3-183933013	S3	0.189286
S1-661952843	S2-713732872	S2	0.189131
S1-661952843	S2-473986119	S2	0.184225
S1-661952843	S3-998323758	S3	0.179848
S1-661952843	S3-674148567	S3	0.179556
S1-661952843	S3-453872839	S3	0.177264
S1-661952843	S3-750862307	S3	0.176691
S1-661952843	S3-602839344	S3	0.173932
S1-661952843	S3-714456674	S3	0.173392
S1-661952843	S3-752688677	S3	0.171241
S1-661952843	S2-889386014	S2	0.167071
S1-160019980	S2-20830408	S2	0.903552
S1-160019980	S3-533701580	S3	0.740193
S1-160019980	S2-169332078	S2	0.600000
S1-160019980	S2-186561638	S2	0.600000
S1-160019980	S2-203018044	S2	0.600000
S1-160019980	S2-250864473	S2	0.600000
S1-160019980	S2-315798585	S2	0.600000
S1-160019980	S2-361903722	S2	0.600000
S1-160019980	S2-46987319	S2	0.600000
S1-160019980	S2-48910803	S2	0.600000
S1-160019980	S2-517278093	S2	0.600000
S1-160019980	S2-643003331	S2	0.600000
S1-160019980	S2-656723381	S2	0.600000
S1-160019980	S2-691318578	S2	0.600000
S1-160019980	S2-726699238	S2	0.600000
S1-160019980	S2-729170829	S2	0.600000
S1-160019980	S2-800470754	S2	0.600000
S1-160019980	S2-865911425	S2	0.600000
S1-160019980	S2-935685738	S2	0.600000
S1-160019980	S2-939173705	S2	0.600000
S1-160019980	S3-136200886	S3	0.600000
S1-160019980	S3-228600980	S3	0.600000
S1-160019980	S3-236867197	S3	0.600000
S1-160019980	S3-246336931	S3	0.600000
S1-160019980	S3-24906071	S3	0.600000
S1-160019980	S3-254439527	S3	0.600000
S1-160019980	S3-275616019	S3	0.600000
S1-160019980	S3-28177212	S3	0.600000
S1-160019980	S3-291566038	S3	0.600000
S1-160019980	S3-329567958	S3	0.600000
S1-160019980	S3-43937838	S3	0.600000
S1-160019980	S3-444763420	S3	0.600000
S1-160019980	S3-456810033	S3	0.600000
S1-160019980	S3-471647328	S3	0.600000
S1-160019980	S3-472847313	S3	0.600000
S1-160019980	S3-481561642	S3	0.600000
S1-160019980	S3-485314564	S3	0.600000
S1-160019980	S3-510634227	S3	0.600000
S1-160019980	S3-51097235	S3	0.600000
S1-160019980	S3-513898188	S3	0.600000
S1-160019980	S3-525828643	S3	0.600000
S1-160019980	S3-527357682	S3	0.600000
S1-160019980	S3-551586444	S3	0.600000
S1-160019980	S3-553656694	S3	0.600000
S1-160019980	S3-604352747	S3	0.600000
S1-160019980	S3-60581457	S3	0.600000
S1-160019980	S3-670467382	S3	0.600000
S1-160019980	S3-680643248	S3	0.600000
S1-160019980	S3-692567940	S3	0.600000
S1-160019980	S3-700010342	S3	0.600000
S1-160019980	S3-770837831	S3	0.600000
S1-160019980	S3-817941366	S3	0.600000
S1-160019980	S3-820334576	S3	0.600000
S1-160019980	S3-822262204	S3	0.600000
S1-160019980	S3-827148618	S3	0.600000
S1-160019980	S3-832963666	S3	0.600000
S1-160019980	S3-872653492	S3	0.600000
S1-160019980	S3-88597728	S3	0.600000
S1-160019980	S3-929641079	S3	0.600000
S1-160019980	S3-941117133	S3	0.600000
S1-160019980	S3-965780428	S3	0.600000
S1-160019980	S3-989514729	S3	0.600000
S1-160019980	S3-30573756	S3	0.580746
S1-160019980	S2-227458799	S2	0.573709
S1-160019980	S3-233015183	S3	0.564981
S1-160019980	S2-890044157	S2	0.564084
S1-160019980	S3-335446094	S3	0.563960
S1-160019980	S3-664252816	S3	0.563713
S1-160019980	S3-537637054	S3	0.563208
S1-160019980	S3-763047889	S3	0.563208
S1-160019980	S3-512710876	S3	0.557846
S1-160019980	S2-649558691	S2	0.552365
S1-160019980	S2-87392840	S2	0.545640
S1-160019980	S2-992145243	S2	0.544119
S1-160019980	S2-263524181	S2	0.544115
S1-160019980	S2-55982142	S2	0.541645
S1-160019980	S2-502747846	S2	0.537213
S1-160019980	S2-322427069	S2	0.534660
S1-160019980	S2-869201448	S2	0.534110
S1-160019980	S2-784248436	S2	0.529666
S1-160019980	S2-487759903	S2	0.524466
S1-160019980	S2-468162064	S2	0.524058
S1-160019980	S2-797779901	S2	0.513789
S1-160019980	S2-649119640	S2	0.510726
S1-160019980	S2-596373854	S2	0.508837
S1-160019980	S2-987619843	S2	0.507593
S1-160019980	S2-815389096	S2	0.507221
S1-160019980	S2-184699542	S2	0.506131
S1-160019980	S2-177378605	S2	0.504310
S1-160019980	S2-95010156	S2	0.500326
S1-160019980	S2-352839033	S2	0.497057
S1-160019980	S2-801601191	S2	0.496193
S1-160019980	S2-32251303	S2	0.495338
S1-160019980	S2-224812154	S2	0.493459
S1-160019980	S2-22529693	S2	0.490837
S1-160019980	S2-455507953	S2	0.486557
S1-160019980	S2-851835971	S2	0.486557
S1-160019980	S2-806373864	S2	0.486192
S1-160019980	S2-712832935	S2	0.485453
S1-160019980	S2-984638664	S2	0.485093
S1-160019980	S2-878825247	S2	0.479962
S1-160019980	S2-131461794	S2	0.334686
S1-160019980	S2-190155652	S2	0.327344
S1-160019980	S2-261384978	S2	0.311052
S1-160019980	S2-651714498	S2	0.310375
S1-160019980	S2-127023199	S2	0.296069
S1-160019980	S2-12703999	S2	0.292697
S1-160019980	S2-307450713	S2	0.285121
S1-160019980	S3-824566692	S3	0.275273
S1-160019980	S2-536661590	S2	0.265122
S1-160019980	S3-589170892	S3	0.263883
S1-160019980	S3-757797358	S3	0.262916
S1-160019980	S3-237056206	S3	0.260270
S1-160019980	S3-733796913	S3	0.253099
S1-160019980	S2-274240972	S2	0.249014
S1-160019980	S3-759826610	S3	0.246852
S1-160019980	S3-35062435	S3	0.246446
S1-160019980	S2-779102740	S2	0.243722
S1-160019980	S3-415661190	S3	0.243056
S1-160019980	S3-712538737	S3	0.241996
S1-160019980	S3-737052155	S3	0.232855
S1-160019980	S3-436391483	S3	0.232677
S1-160019980	S3-461341766	S3	0.232269
S1-160019980	S2-678654385	S2	0.230017
S1-160019980	S3-747680938	S3	0.229351
S1-160019980	S3-570340199	S3	0.225237
S1-160019980	S3-958516096	S3	0.225119
S1-160019980	S2-526928365	S2	0.223091
S1-160019980	S3-620122822	S3	0.221862
S1-160019980	S2-775998936	S2	0.220284
S1-160019980	S3-642524823	S3	0.219185
S1-160019980	S2-856127649	S2	0.217721
S1-160019980	S3-404914914	S3	0.216482
S1-160019980	S3-554673174	S3	0.216288
S1-160019980	S3-689035911	S3	0.210233
S1-160019980	S2-273948803	S2	0.206923
S1-160019980	S2-866135014	S2	0.206195
S1-160019980	S3-176306352	S3	0.204954
S1-160019980	S2-419791385	S2	0.203301
S1-160019980	S2-432634461	S2	0.200474
S1-160019980	S2-931414392	S2	0.200474
S1-160019980	S2-477506726	S2	0.199957
S1-160019980	S3-441874002	S3	0.199241
S1-160019980	S3-290193195	S3	0.199106
S1-160019980	S3-788996668	S3	0.196757
S1-160019980	S3-8810227	S3	0.195615
S1-160019980	S2-712951149	S2	0.194524
S1-160019980	S3-819380283	S3	0.192727
S1-160019980	S2-411001282	S2	0.190907
S1-160019980	S3-861518901	S3	0.189857
S1-728409509	S3-953981411	S3	0.927293
S1-728409509	S2-666004180	S2	0.618827
S1-728409509	S2-889535285	S2	0.612981
S1-728409509	S3-799148068	S3	0.611110
S1-728409509	S2-472115562	S2	0.608127
S1-728409509	S3-854509116	S3	0.605801
S1-728409509	S2-744948106	S2	0.603142
S1-728409509	S3-931460980	S3	0.601530
S1-728409509	S2-190595149	S2	0.600000
S1-728409509	S2-26668148	S2	0.600000
S1-728409509	S2-268948788	S2	0.600000
S1-728409509	S2-327826626	S2	0.600000
S1-728409509	S2-328463408	S2	0.600000
S1-728409509	S2-376800509	S2	0.600000
S1-728409509	S2-43095761	S2	0.600000
S1-728409509	S2-464042102	S2	0.600000
S1-728409509	S2-500969458	S2	0.600000
S1-728409509	S2-521569989	S2	0.600000
S1-728409509	S2-619578809	S2	0.600000
S1-728409509	S2-661190061	S2	0.600000
S1-728409509	S2-692791042	S2	0.600000
S1-728409509	S2-761333323	S2	0.600000
S1-728409509	S2-805013812	S2	0.600000
S1-728409509	S2-838173361	S2	0.600000
S1-728409509	S2-954025831	S2	0.600000
S1-728409509	S3-160281401	S3	0.600000
S1-728409509	S3-20166037	S3	0.600000
S1-728409509	S3-208036491	S3	0.600000
S1-728409509	S3-233820498	S3	0.600000
S1-728409509	S3-296325713	S3	0.600000
S1-728409509	S3-328737212	S3	0.600000
S1-728409509	S3-355196333	S3	0.600000
S1-728409509	S3-375796191	S3	0.600000
S1-728409509	S3-399135866	S3	0.600000
S1-728409509	S3-413721894	S3	0.600000
S1-728409509	S3-440752277	S3	0.600000
S1-728409509	S3-477151938	S3	0.600000
S1-728409509	S3-505171566	S3	0.600000
S1-728409509	S3-510151374	S3	0.600000
S1-728409509	S3-513744328	S3	0.600000
S1-728409509	S3-532447127	S3	0.600000
S1-728409509	S3-605833876	S3	0.600000
S1-728409509	S3-6346389	S3	0.600000
S1-728409509	S3-635092915	S3	0.600000
S1-728409509	S3-646193357	S3	0.600000
S1-728409509	S3-664252215	S3	0.600000
S1-728409509	S3-703414279	S3	0.600000
S1-728409509	S3-742470837	S3	0.600000
S1-728409509	S3-74288957	S3	0.600000
S1-728409509	S3-786592133	S3	0.600000
S1-728409509	S3-851867091	S3	0.600000
S1-728409509	S3-855618070	S3	0.600000
S1-728409509	S3-85562434	S3	0.600000
S1-728409509	S3-880497180	S3	0.600000
S1-728409509	S3-934267657	S3	0.600000
S1-728409509	S3-965822859	S3	0.600000
S1-728409509	S3-997627640	S3	0.600000
S1-728409509	S3-250924972	S3	0.584581
S1-728409509	S2-399614359	S2	0.580488
S1-728409509	S3-122209007	S3	0.575638
S1-728409509	S2-316916499	S2	0.564017
S1-728409509	S3-417603048	S3	0.561327
S1-728409509	S2-303311502	S2	0.555746
S1-728409509	S3-258485209	S3	0.551027
S1-728409509	S3-775459208	S3	0.550000
S1-728409509	S3-800325100	S3	0.545938
S1-728409509	S2-716092648	S2	0.545379
S1-728409509	S2-693554424	S2	0.544034
S1-728409509	S3-342109158	S3	0.543555
S1-728409509	S3-708312949	S3	0.540668
S1-728409509	S2-244501367	S2	0.540391
S1-728409509	S2-656081908	S2	0.539812
S1-728409509	S3-516157914	S3	0.538074
S1-728409509	S2-180809902	S2	0.537153
S1-728409509	S2-956246916	S2	0.536369
S1-728409509	S2-949929479	S2	0.535678
S1-728409509	S3-644935567	S3	0.532157
S1-728409509	S3-905310082	S3	0.531737
S1-728409509	S2-730597467	S2	0.522613
S1-728409509	S2-846364466	S2	0.521458
S1-728409509	S2-9252516	S2	0.520909
S1-728409509	S3-894924964	S3	0.518713
S1-728409509	S2-992298829	S2	0.518607
S1-728409509	S3-322930672	S3	0.518565
S1-728409509	S2-927961777	S2	0.517267
S1-728409509	S2-7486992	S2	0.516245
S1-728409509	S3-660464719	S3	0.515501
S1-728409509	S2-623311140	S2	0.514664
S1-728409509	S2-334693357	S2	0.514376
S1-728409509	S3-223395818	S3	0.511768
S1-728409509	S2-869771341	S2	0.511117
S1-728409509	S2-459850922	S2	0.509951
S1-728409509	S2-742741553	S2	0.508674
S1-728409509	S2-994379331	S2	0.505149
S1-728409509	S2-814512071	S2	0.503633
S1-728409509	S2-97619400	S2	0.503304
S1-728409509	S2-334041288	S2	0.501671
S1-728409509	S2-921391861	S2	0.498099
S1-728409509	S2-480871900	S2	0.496195
S1-728409509	S2-691800599	S2	0.495419
S1-728409509	S2-89413617	S2	0.495419
S1-728409509	S2-216022223	S2	0.267214
S1-728409509	S2-680112791	S2	0.226390
S1-728409509	S2-251023212	S2	0.211005
S1-728409509	S2-5041520	S2	0.209180
S1-728409509	S2-109418469	S2	0.200717
S1-728409509	S2-180789128	S2	0.200717
S1-728409509	S2-192443295	S2	0.200717
S1-728409509	S2-212232153	S2	0.200717
S1-728409509	S2-33826275	S2	0.200717
S1-728409509	S2-401123089	S2	0.200717
S1-728409509	S2-414187587	S2	0.200717
S1-728409509	S2-445554957	S2	0.200717
S1-728409509	S2-623243336	S2	0.200717
S1-728409509	S2-673053896	S2	0.200717
S1-728409509	S2-676522836	S2	0.200717
S1-728409509	S2-678714802	S2	0.200717
S1-728409509	S2-833199272	S2	0.200717
S1-728409509	S2-91662026	S2	0.200717
S1-728409509	S2-926014008	S2	0.200717
S1-728409509	S2-952117000	S2	0.200717
S1-728409509	S3-346538964	S3	0.200466
S1-728409509	S2-836256742	S2	0.199051
S1-728409509	S2-892818943	S2	0.199051
S1-728409509	S3-79277869	S3	0.196571
S1-728409509	S2-298858261	S2	0.195663
S1-728409509	S2-759991271	S2	0.195663
S1-728409509	S2-868111170	S2	0.195663
S1-728409509	S2-996960738	S2	0.193332
S1-728409509	S2-795792250	S2	0.193069
S1-728409509	S2-904258370	S2	0.192420
S1-728409509	S3-344548432	S3	0.186985
S1-728409509	S2-817598805	S2	0.184483
S1-728409509	S2-901223294	S2	0.181059
S1-728409509	S3-230040047	S3	0.178676
S1-728409509	S3-112694978	S3	0.166943
S1-728409509	S3-634662268	S3	0.162539
S1-728409509	S3-873317275	S3	0.161805
S1-728409509	S3-902874099	S3	0.161101
S1-728409509	S3-999407612	S3	0.156603
S1-728409509	S3-916828825	S3	0.152954
S1-728409509	S3-851564524	S3	0.151559
S1-728409509	S3-833439764	S3	0.150761
S1-728409509	S3-326035317	S3	0.146263
S1-728409509	S3-567671924	S3	0.144191
S1-728409509	S3-766560426	S3	0.140625
S1-728409509	S3-626787205	S3	0.140543
S1-728409509	S3-751678364	S3	0.140478
S1-728409509	S3-943600045	S3	0.140128
S1-728409509	S3-552135740	S3	0.139790
S1-388269503	S3-684575189	S3	0.952844
S1-388269503	S2-148812427	S2	0.877923
S1-388269503	S3-904980442	S3	0.677755
S1-388269503	S3-167889628	S3	0.581973
S1-388269503	S3-713693865	S3	0.374690
S1-388269503	S3-74906912	S3	0.369550
S1-388269503	S2-976003905	S2	0.364850
S1-388269503	S3-680292760	S3	0.358718
S1-388269503	S3-872757383	S3	0.357582
S1-388269503	S2-275937209	S2	0.353702
S1-388269503	S2-654306994	S2	0.353702
S1-388269503	S2-43712597	S2	0.349391
S1-388269503	S3-935871717	S3	0.349171
S1-388269503	S3-338557996	S3	0.347340
S1-388269503	S2-716470346	S2	0.346542
S1-388269503	S3-766467656	S3	0.344459
S1-388269503	S2-335144280	S2	0.342023
S1-388269503	S2-328257417	S2	0.341975
S1-388269503	S3-169362797	S3	0.341681
S1-388269503	S2-855997161	S2	0.341473
S1-388269503	S2-912172049	S2	0.341473
S1-388269503	S2-466091845	S2	0.340052
S1-388269503	S3-812872901	S3	0.339681
S1-388269503	S3-139446535	S3	0.339558
S1-388269503	S3-157894079	S3	0.339526
S1-388269503	S3-510078912	S3	0.339526
S1-388269503	S2-950455775	S2	0.337996
S1-388269503	S3-151348650	S3	0.337911
S1-388269503	S3-739043893	S3	0.337375
S1-388269503	S2-867397366	S2	0.336108
S1-388269503	S2-824607522	S2	0.335957
S1-388269503	S2-373409633	S2	0.335884
S1-388269503	S2-387485983	S2	0.335884
S1-388269503	S2-941941353	S2	0.335848
S1-388269503	S2-554815343	S2	0.335772
S1-388269503	S2-84112441	S2	0.335065
S1-388269503	S3-184428619	S3	0.334966
S1-388269503	S2-332375689	S2	0.333819
S1-388269503	S3-477985280	S3	0.332839
S1-388269503	S2-275720874	S2	0.332151
S1-388269503	S2-881705648	S2	0.330546
S1-388269503	S3-544018614	S3	0.330402
S1-388269503	S2-770041513	S2	0.330228
S1-388269503	S3-133785128	S3	0.329710
S1-388269503	S2-208302188	S2	0.329620
S1-388269503	S3-597224026	S3	0.329189
S1-388269503	S3-978133909	S3	0.328751
S1-388269503	S2-229775103	S2	0.328603
S1-388269503	S3-814366534	S3	0.328137
S1-388269503	S2-990002217	S2	0.328114
S1-388269503	S3-54194955	S3	0.327489
S1-388269503	S3-514350224	S3	0.326532
S1-388269503	S2-635552039	S2	0.326263
S1-388269503	S3-538332577	S3	0.326232
S1-388269503	S3-672979640	S3	0.326232
S1-388269503	S3-672470722	S3	0.325187
S1-388269503	S3-439500127	S3	0.325148
S1-388269503	S2-127298211	S2	0.324604
S1-388269503	S3-292230177	S3	0.323504
S1-388269503	S3-173368053	S3	0.323051
S1-388269503	S3-658134028	S3	0.321878
S1-388269503	S2-44498626	S2	0.321300
S1-388269503	S2-98812669	S2	0.320703
S1-388269503	S3-288495823	S3	0.320229
S1-388269503	S2-785624240	S2	0.319143
S1-388269503	S3-203649595	S3	0.319118
S1-388269503	S3-42175313	S3	0.319118
S1-388269503	S3-768289787	S3	0.319118
S1-388269503	S3-581948172	S3	0.319033
S1-388269503	S3-391268760	S3	0.318993
S1-388269503	S3-142414495	S3	0.317891
S1-388269503	S2-229952561	S2	0.317766
S1-388269503	S2-312032615	S2	0.317423
S1-388269503	S2-560752390	S2	0.316542
S1-388269503	S3-963734082	S3	0.316470
S1-388269503	S3-97298590	S3	0.316109
S1-388269503	S2-259590928	S2	0.316024
S1-388269503	S3-762766395	S3	0.315877
S1-388269503	S3-605471864	S3	0.315410
S1-388269503	S3-444776396	S3	0.315078
S1-388269503	S2-901080728	S2	0.314956
S1-388269503	S2-303445997	S2	0.314537
S1-388269503	S3-641946823	S3	0.314492
S1-388269503	S3-553826244	S3	0.313628
S1-388269503	S3-189287935	S3	0.313373
S1-388269503	S3-590102055	S3	0.312794
S1-388269503	S3-384378694	S3	0.312586
S1-388269503	S2-540397892	S2	0.312258
S1-388269503	S2-680442424	S2	0.312258
S1-388269503	S2-980259985	S2	0.308836
S1-388269503	S2-988778261	S2	0.307891
S1-388269503	S2-289716638	S2	0.307149
S1-388269503	S2-529802312	S2	0.307054
S1-388269503	S2-187987140	S2	0.306653
S1-388269503	S2-35264828	S2	0.306467
S1-388269503	S2-385788712	S2	0.305620
S1-388269503	S2-401952400	S2	0.304880
S1-388269503	S2-301890025	S2	0.304816
S1-388269503	S2-455983703	S2	0.303589
S1-388269503	S2-226119825	S2	0.303544
S1-388269503	S3-117373426	S3	0.218981
S1-388269503	S2-956801031	S2	0.217325
S1-388269503	S3-192425409	S3	0.205552
S1-388269503	S3-224799740	S3	0.189529
S1-388269503	S2-211449974	S2	0.183145
S1-388269503	S2-513135772	S2	0.176122
S1-388269503	S2-340126991	S2	0.175428
S1-388269503	S2-31167849	S2	0.174152
S1-388269503	S2-387078052	S2	0.173406
S1-388269503	S3-975984529	S3	0.170216
S1-388269503	S2-73519867	S2	0.163996
S1-388269503	S2-397327159	S2	0.163426
S1-388269503	S2-444511609	S2	0.162039
S1-388269503	S2-63957669	S2	0.162039
S1-388269503	S2-674017352	S2	0.161636
S1-388269503	S3-522967788	S3	0.160293
S1-388269503	S2-101369620	S2	0.156954
S1-388269503	S2-184743184	S2	0.156613
S1-388269503	S2-224023262	S2	0.155332
S1-388269503	S2-270566711	S2	0.152861
S1-388269503	S2-6115309	S2	0.152585
S1-388269503	S3-545137705	S3	0.152222
S1-388269503	S3-876469015	S3	0.151920
S1-388269503	S2-134252153	S2	0.151374
S1-388269503	S2-754623127	S2	0.150802
S1-388269503	S2-305724338	S2	0.150424
S1-388269503	S2-488002431	S2	0.150424
S1-388269503	S3-521504133	S3	0.150251
S1-388269503	S2-62889226	S2	0.150035
S1-388269503	S3-925516462	S3	0.149042
S1-388269503	S2-17274555	S2	0.147493
S1-388269503	S2-197110576	S2	0.146620
S1-388269503	S2-812607389	S2	0.146518
S1-388269503	S2-66278568	S2	0.145689
S1-388269503	S2-16424342	S2	0.145544
S1-388269503	S2-280949274	S2	0.145544
S1-388269503	S3-530219688	S3	0.144223
S1-388269503	S3-282155538	S3	0.143992
S1-388269503	S3-987149314	S3	0.143873
S1-388269503	S3-590414881	S3	0.142882
S1-388269503	S3-12881564	S3	0.140241
S1-388269503	S2-190830744	S2	0.139996
S1-388269503	S2-65727020	S2	0.139956
S1-388269503	S3-843621680	S3	0.139253
S1-388269503	S3-78262002	S3	0.138298
S1-388269503	S3-277740783	S3	0.137556
S1-388269503	S3-759990844	S3	0.137061
S1-388269503	S3-717762458	S3	0.136860
S1-388269503	S3-24991708	S3	0.136314
S1-388269503	S3-730407404	S3	0.136314
S1-26016447	S3-750381620	S3	0.710389
S1-26016447	S2-342193382	S2	0.600000
S1-26016447	S2-417329183	S2	0.600000
S1-26016447	S3-73056039	S3	0.600000
S1-26016447	S3-486655615	S3	0.569763
S1-26016447	S3-841037311	S3	0.530196
S1-26016447	S3-467455231	S3	0.529803
S1-26016447	S3-162135098	S3	0.528560
S1-26016447	S3-740875022	S3	0.528560
S1-26016447	S2-462130000	S2	0.528148
S1-26016447	S2-567501158	S2	0.528148
S1-26016447	S2-164092943	S2	0.523887
S1-26016447	S3-118734937	S3	0.521166
S1-26016447	S3-145049827	S3	0.521166
S1-26016447	S3-17537730	S3	0.521166
S1-26016447	S3-184064850	S3	0.521166
S1-26016447	S3-512509037	S3	0.521166
S1-26016447	S2-274717243	S2	0.521070
S1-26016447	S2-694327571	S2	0.521070
S1-26016447	S2-670789543	S2	0.515222
S1-26016447	S3-979918207	S3	0.510956
S1-26016447	S2-24085403	S2	0.510134
S1-26016447	S3-977883120	S3	0.510118
S1-26016447	S2-69471222	S2	0.509828
S1-26016447	S3-110462953	S3	0.507503
S1-26016447	S3-396866876	S3	0.507503
S1-26016447	S3-888665174	S3	0.503021
S1-26016447	S2-421989820	S2	0.500111
S1-26016447	S3-428535843	S3	0.498225
S1-26016447	S3-786101209	S3	0.498225
S1-26016447	S3-143312056	S3	0.497102
S1-26016447	S2-291350562	S2	0.496918
S1-26016447	S3-16950381	S3	0.496727
S1-26016447	S3-268333646	S3	0.496727
S1-26016447	S3-536599160	S3	0.496727
S1-26016447	S3-808060091	S3	0.496727
S1-26016447	S3-93788282	S3	0.496727
S1-26016447	S2-353146368	S2	0.495081
S1-26016447	S3-148799202	S3	0.492985
S1-26016447	S3-109958916	S3	0.492362
S1-26016447	S3-123208624	S3	0.492362
S1-26016447	S3-634820033	S3	0.492362
S1-26016447	S3-720292237	S3	0.492362
S1-26016447	S2-148964821	S2	0.491773
S1-26016447	S3-756344305	S3	0.490958
S1-26016447	S2-308094419	S2	0.490342
S1-26016447	S2-403660917	S2	0.490342
S1-26016447	S2-662318220	S2	0.490342
S1-26016447	S3-511076976	S3	0.490227
S1-26016447	S3-138825870	S3	0.488855
S1-26016447	S3-554369848	S3	0.488855
S1-26016447	S3-591264173	S3	0.488855
S1-26016447	S3-874807687	S3	0.488855
S1-26016447	S3-893624368	S3	0.488855
S1-26016447	S2-619023030	S2	0.488587
S1-26016447	S3-797641416	S3	0.488191
S1-26016447	S3-897838214	S3	0.488164
S1-26016447	S3-340314364	S3	0.484414
S1-26016447	S3-617959665	S3	0.484414
S1-26016447	S3-93322013	S3	0.484414
S1-26016447	S2-229742761	S2	0.482712
S1-26016447	S2-7144770	S2	0.480494
S1-26016447	S3-177697810	S3	0.479199
S1-26016447	S3-22177851	S3	0.479199
S1-26016447	S3-315638349	S3	0.479199
S1-26016447	S3-746079872	S3	0.479199
S1-26016447	S3-598266414	S3	0.478136
S1-26016447	S3-519675115	S3	0.477872
S1-26016447	S3-737314447	S3	0.477872
S1-26016447	S2-384425387	S2	0.477812
S1-26016447	S2-475685083	S2	0.477812
S1-26016447	S2-65656803	S2	0.477812
S1-26016447	S3-277962629	S3	0.477753
S1-26016447	S2-441143236	S2	0.475866
S1-26016447	S2-566185539	S2	0.475866
S1-26016447	S3-166822879	S3	0.471027
S1-26016447	S3-864941137	S3	0.471027
S1-26016447	S2-223393862	S2	0.468002
S1-26016447	S2-325194542	S2	0.468002
S1-26016447	S2-343753147	S2	0.468002
S1-26016447	S2-419326583	S2	0.468002
S1-26016447	S2-481317427	S2	0.468002
S1-26016447	S2-705512247	S2	0.468002
S1-26016447	S2-793625481	S2	0.466469
S1-26016447	S2-977637129	S2	0.465962
S1-26016447	S2-406557488	S2	0.464105
S1-26016447	S2-477985793	S2	0.464105
S1-26016447	S2-759178214	S2	0.464105
S1-26016447	S2-844245359	S2	0.464105
S1-26016447	S2-421301233	S2	0.464034
S1-26016447	S2-496355692	S2	0.463806
S1-26016447	S2-323959872	S2	0.462682
S1-26016447	S2-954309769	S2	0.461538
S1-26016447	S2-600216952	S2	0.461157
S1-26016447	S2-535129943	S2	0.460626
S1-26016447	S2-465732074	S2	0.459634
S1-26016447	S2-582928633	S2	0.459634
S1-26016447	S2-918547035	S2	0.459625
S1-26016447	S2-78718087	S2	0.453808
S1-26016447	S2-745626173	S2	0.453419
S1-26016447	S2-613786623	S2	0.453387
S1-26016447	S2-247078250	S2	0.451569
S1-26016447	S2-313016156	S2	0.451569
S1-26016447	S2-310308569	S2	0.346542
S1-26016447	S2-803849201	S2	0.346542
S1-26016447	S2-786874195	S2	0.333388
S1-26016447	S2-354811065	S2	0.328317
S1-26016447	S2-497490155	S2	0.327871
S1-26016447	S2-721618045	S2	0.327871
S1-26016447	S2-369870164	S2	0.323400
S1-26016447	S3-120044553	S3	0.322109
S1-26016447	S2-991462655	S2	0.319353
S1-26016447	S2-321726112	S2	0.318963
S1-26016447	S2-607964903	S2	0.311750
S1-26016447	S2-153587118	S2	0.311574
S1-26016447	S2-171854670	S2	0.311574
S1-26016447	S2-44183186	S2	0.311574
S1-26016447	S2-593372411	S2	0.311574
S1-26016447	S3-991068077	S3	0.307330
S1-26016447	S2-222965425	S2	0.305406
S1-26016447	S2-676155985	S2	0.301670
S1-26016447	S2-184892800	S2	0.294247
S1-26016447	S2-821742887	S2	0.294247
S1-26016447	S2-568223490	S2	0.292417
S1-26016447	S2-105044075	S2	0.292244
S1-26016447	S3-961267123	S3	0.292061
S1-26016447	S2-181173454	S2	0.289443
S1-26016447	S2-137767962	S2	0.283150
S1-26016447	S3-732420390	S3	0.282448
S1-26016447	S2-416844872	S2	0.279436
S1-26016447	S2-442460361	S2	0.279362
S1-26016447	S2-851102929	S2	0.279085
S1-26016447	S3-563308237	S3	0.278464
S1-26016447	S3-224175087	S3	0.277717
S1-26016447	S2-987627232	S2	0.277314
S1-26016447	S2-42533062	S2	0.276796
S1-26016447	S3-538645985	S3	0.275288
S1-26016447	S2-276589088	S2	0.273852
S1-26016447	S2-62072958	S2	0.272052
S1-26016447	S3-436692791	S3	0.269763
S1-26016447	S3-757371741	S3	0.269763
S1-26016447	S3-899282197	S3	0.269763
S1-26016447	S3-543296546	S3	0.268328
S1-26016447	S3-588003098	S3	0.262509
S1-26016447	S3-60070899	S3	0.249077
S1-26016447	S3-414361023	S3	0.248881
S1-26016447	S3-804425656	S3	0.247387
S1-26016447	S3-758627374	S3	0.245781
S1-26016447	S3-659791859	S3	0.245228
S1-26016447	S3-704153715	S3	0.239859
S1-836837170	S2-984855086	S2	0.865368
S1-836837170	S3-45944603	S3	0.648700
S1-836837170	S2-751647451	S2	0.549762
S1-836837170	S3-443615750	S3	0.486816
S1-836837170	S2-305740191	S2	0.459874
S1-836837170	S3-150379803	S3	0.447176
S1-836837170	S2-806703401	S2	0.446723
S1-836837170	S3-69965781	S3	0.442297
S1-836837170	S2-621367230	S2	0.429762
S1-836837170	S3-868470107	S3	0.428510
S1-836837170	S3-225188758	S3	0.424630
S1-836837170	S2-285651570	S2	0.424401
S1-836837170	S2-455260320	S2	0.417121
S1-836837170	S3-380937549	S3	0.414881
S1-836837170	S3-576484392	S3	0.414881
S1-836837170	S3-768798563	S3	0.404424
S1-836837170	S3-155835237	S3	0.403947
S1-836837170	S3-277222866	S3	0.402569
S1-836837170	S2-754279490	S2	0.399327
S1-836837170	S2-957529145	S2	0.396359
S1-836837170	S3-570130888	S3	0.395542
S1-836837170	S2-156468368	S2	0.394439
S1-836837170	S2-262589708	S2	0.394439
S1-836837170	S2-589699310	S2	0.394439
S1-836837170	S2-818960366	S2	0.392951
S1-836837170	S2-432061130	S2	0.392340
S1-836837170	S3-763367955	S3	0.390737
S1-836837170	S3-528471630	S3	0.390523
S1-836837170	S2-194793796	S2	0.390437
S1-836837170	S2-26746031	S2	0.390437
S1-836837170	S2-330680296	S2	0.390437
S1-836837170	S2-553752908	S2	0.390437
S1-836837170	S2-823827055	S2	0.390437
S1-836837170	S2-860621771	S2	0.390437
S1-836837170	S3-284728373	S3	0.390002
S1-836837170	S2-802039337	S2	0.389407
S1-836837170	S3-466819053	S3	0.389001
S1-836837170	S3-350772320	S3	0.388813
S1-836837170	S3-383295333	S3	0.388813
S1-836837170	S2-46437256	S2	0.388613
S1-836837170	S3-250680464	S3	0.384479
S1-836837170	S3-375047389	S3	0.384479
S1-836837170	S2-600768622	S2	0.380854
S1-836837170	S3-125963780	S3	0.377851
S1-836837170	S2-836849478	S2	0.377254
S1-836837170	S3-829505855	S3	0.377144
S1-836837170	S2-820205387	S2	0.376050
S1-836837170	S3-47388643	S3	0.374845
S1-836837170	S3-160462613	S3	0.372132
S1-836837170	S3-451008080	S3	0.371317
S1-836837170	S2-309635673	S2	0.371222
S1-836837170	S2-450540878	S2	0.371222
S1-836837170	S2-61072016	S2	0.371222
S1-836837170	S2-237587240	S2	0.370365
S1-836837170	S3-674641534	S3	0.369697
S1-836837170	S2-575193703	S2	0.369227
S1-836837170	S2-137450529	S2	0.367525
S1-836837170	S3-443393687	S3	0.367345
S1-836837170	S3-648375431	S3	0.367345
S1-836837170	S3-706735118	S3	0.367345
S1-836837170	S3-762129006	S3	0.367345
S1-836837170	S3-783045383	S3	0.367345
S1-836837170	S3-890052363	S3	0.366774
S1-836837170	S3-146586854	S3	0.366715
S1-836837170	S3-270794341	S3	0.366690
S1-836837170	S3-577921847	S3	0.366690
S1-836837170	S3-882172591	S3	0.366690
S1-836837170	S3-396544101	S3	0.365574
S1-836837170	S3-518822528	S3	0.365058
S1-836837170	S2-915345375	S2	0.364788
S1-836837170	S2-530378724	S2	0.364636
S1-836837170	S2-810971460	S2	0.364256
S1-836837170	S2-319551486	S2	0.362493
S1-836837170	S2-753228954	S2	0.362021
S1-836837170	S2-985697837	S2	0.362021
S1-836837170	S3-126035252	S3	0.361712
S1-836837170	S3-318628915	S3	0.361158
S1-836837170	S3-32748166	S3	0.359990
S1-836837170	S3-902925972	S3	0.359990
S1-836837170	S3-8137786	S3	0.358455
S1-836837170	S2-853195514	S2	0.358024
S1-836837170	S3-200701891	S3	0.357490
S1-836837170	S3-726439319	S3	0.357285
S1-836837170	S2-387933616	S2	0.356916
S1-836837170	S3-522793875	S3	0.355596
S1-836837170	S2-340316703	S2	0.355214
S1-836837170	S2-726576158	S2	0.355021
S1-836837170	S2-949605610	S2	0.354714
S1-836837170	S3-27849627	S3	0.354087
S1-836837170	S3-922411046	S3	0.354087
S1-836837170	S3-857971582	S3	0.353982
S1-836837170	S3-451131598	S3	0.353766
S1-836837170	S2-338503420	S2	0.353751
S1-836837170	S2-263186646	S2	0.353702
S1-836837170	S2-417145047	S2	0.353702
S1-836837170	S2-637120226	S2	0.353702
S1-836837170	S2-954740636	S2	0.353060
S1-836837170	S2-210105383	S2	0.352811
S1-836837170	S2-223472355	S2	0.351874
S1-836837170	S2-167612252	S2	0.350633
S1-836837170	S2-645372583	S2	0.350310
S1-836837170	S2-47113843	S2	0.350284
S1-836837170	S2-89182568	S2	0.344311
S1-836837170	S3-565467698	S3	0.330863
S1-836837170	S2-833057950	S2	0.318755
S1-836837170	S2-200273043	S2	0.309889
S1-836837170	S2-3341847	S2	0.308357
S1-836837170	S2-194165238	S2	0.308302
S1-836837170	S3-164746205	S3	0.268516
S1-836837170	S3-738019022	S3	0.256476
S1-836837170	S3-188112151	S3	0.249538
S1-836837170	S2-216454547	S2	0.243964
S1-836837170	S3-178622022	S3	0.238476
S1-836837170	S3-28252722	S3	0.220731
S1-836837170	S3-905618610	S3	0.208586
S1-836837170	S2-232744509	S2	0.201871
S1-836837170	S2-304760184	S2	0.180651
S1-836837170	S3-105191822	S3	0.178719
S1-836837170	S3-686385271	S3	0.178179
S1-836837170	S3-3263809	S3	0.178114
S1-836837170	S2-390391144	S2	0.177128
S1-836837170	S2-69587964	S2	0.171706
S1-836837170	S3-648861213	S3	0.165605
S1-836837170	S3-872538019	S3	0.164659
S1-836837170	S2-753314540	S2	0.163619
S1-836837170	S3-62734639	S3	0.163558
S1-836837170	S3-530381834	S3	0.162596
S1-836837170	S3-824053686	S3	0.158889
S1-836837170	S2-451100483	S2	0.158682
S1-836837170	S3-713400130	S3	0.158021
S1-836837170	S3-110464489	S3	0.156416
S1-836837170	S2-121802263	S2	0.154907
S1-836837170	S3-742661191	S3	0.150413
S1-836837170	S2-135607260	S2	0.149274
S1-836837170	S2-187815492	S2	0.149274
S1-836837170	S2-225645013	S2	0.149274
S1-836837170	S2-238469663	S2	0.149274
S1-836837170	S2-289475203	S2	0.149274
S1-836837170	S2-345031363	S2	0.149274
S1-836837170	S2-360894020	S2	0.149274
S1-836837170	S2-380950746	S2	0.149274
S1-836837170	S2-685136780	S2	0.149274
S1-836837170	S2-74035410	S2	0.149274
S1-836837170	S2-74098245	S2	0.149274
S1-836837170	S2-785139856	S2	0.149274
S1-836837170	S2-844496371	S2	0.149274
S1-836837170	S2-916661913	S2	0.149274
S1-836837170	S3-177049193	S3	0.146662
S1-836837170	S3-213297603	S3	0.146411
S1-836837170	S3-923246773	S3	0.146241
S1-355245194	S2-806312290	S2	0.952015
S1-355245194	S2-17779970	S2	0.782373
S1-355245194	S2-513964986	S2	0.780094
S1-355245194	S2-183378875	S2	0.770681
S1-355245194	S2-198483354	S2	0.600000
S1-355245194	S2-684171562	S2	0.600000
S1-355245194	S2-722387828	S2	0.600000
S1-355245194	S2-93149465	S2	0.600000
S1-355245194	S2-956590029	S2	0.600000
S1-355245194	S3-727202379	S3	0.600000
S1-355245194	S2-926150301	S2	0.582708
S1-355245194	S3-826406718	S3	0.577178
S1-355245194	S2-447260252	S2	0.562916
S1-355245194	S3-667894871	S3	0.562444
S1-355245194	S3-97449807	S3	0.550733
S1-355245194	S2-296113719	S2	0.544738
S1-355245194	S3-315835294	S3	0.499403
S1-355245194	S2-948437384	S2	0.498179
S1-355245194	S3-769356483	S3	0.492302
S1-355245194	S2-806028610	S2	0.491931
S1-355245194	S2-652121345	S2	0.490275
S1-355245194	S2-79161949	S2	0.490259
S1-355245194	S3-589914848	S3	0.489730
S1-355245194	S3-42105885	S3	0.487569
S1-355245194	S3-765845847	S3	0.487470
S1-355245194	S3-303980376	S3	0.487127
S1-355245194	S3-859977041	S3	0.487127
S1-355245194	S3-883868647	S3	0.487025
S1-355245194	S3-975203684	S3	0.487025
S1-355245194	S2-840278717	S2	0.486276
S1-355245194	S3-27631073	S3	0.485521
S1-355245194	S3-288900617	S3	0.485203
S1-355245194	S3-535306494	S3	0.484490
S1-355245194	S3-891496693	S3	0.484127
S1-355245194	S3-484604620	S3	0.483961
S1-355245194	S3-703487403	S3	0.483961
S1-355245194	S3-782491273	S3	0.483961
S1-355245194	S3-486627697	S3	0.482899
S1-355245194	S3-537681088	S3	0.482892
S1-355245194	S3-13058666	S3	0.482537
S1-355245194	S3-199433116	S3	0.482192
S1-355245194	S3-380770002	S3	0.482192
S1-355245194	S2-694252286	S2	0.482061
S1-355245194	S2-186141673	S2	0.481976
S1-355245194	S2-959030616	S2	0.481976
S1-355245194	S2-253883153	S2	0.481826
S1-355245194	S2-291278613	S2	0.481826
S1-355245194	S3-782959595	S3	0.480907
S1-355245194	S3-797359360	S3	0.480907
S1-355245194	S3-289783857	S3	0.480754
S1-355245194	S2-201673934	S2	0.480072
S1-355245194	S2-74136566	S2	0.479721
S1-355245194	S2-619827493	S2	0.479437
S1-355245194	S3-553867295	S3	0.479390
S1-355245194	S2-112922664	S2	0.479370
S1-355245194	S2-694832738	S2	0.479370
S1-355245194	S2-892193283	S2	0.479370
S1-355245194	S2-922739108	S2	0.479370
S1-355245194	S3-175793157	S3	0.479213
S1-355245194	S3-317518308	S3	0.479213
S1-355245194	S2-276793927	S2	0.479185
S1-355245194	S2-313139460	S2	0.478747
S1-355245194	S2-907582335	S2	0.478747
S1-355245194	S3-237091648	S3	0.478723
S1-355245194	S2-972258709	S2	0.478323
S1-355245194	S3-199235279	S3	0.477867
S1-355245194	S3-625671228	S3	0.477454
S1-355245194	S3-746331167	S3	0.477013
S1-355245194	S3-843764447	S3	0.477013
S1-355245194	S2-177860195	S2	0.476951
S1-355245194	S2-932003278	S2	0.476951
S1-355245194	S2-530677266	S2	0.476690
S1-355245194	S3-489318107	S3	0.475795
S1-355245194	S2-944683835	S2	0.475541
S1-355245194	S2-968598137	S2	0.475541
S1-355245194	S2-231798018	S2	0.475475
S1-355245194	S3-333967063	S3	0.475226
S1-355245194	S3-500449098	S3	0.475226
S1-355245194	S3-598662786	S3	0.475151
S1-355245194	S2-204630194	S2	0.474836
S1-355245194	S2-405605356	S2	0.474836
S1-355245194	S2-572449115	S2	0.474836
S1-355245194	S3-166796450	S3	0.474765
S1-355245194	S3-226853013	S3	0.474765
S1-355245194	S3-783535439	S3	0.474765
S1-355245194	S3-259781432	S3	0.474483
S1-355245194	S3-453589473	S3	0.474463
S1-355245194	S3-371998975	S3	0.473521
S1-355245194	S3-145705626	S3	0.473345
S1-355245194	S3-596835628	S3	0.472377
S1-355245194	S3-638821629	S3	0.472377
S1-355245194	S2-891321887	S2	0.472347
S1-355245194	S3-657137549	S3	0.472285
S1-355245194	S2-689161039	S2	0.471827
S1-355245194	S2-74294111	S2	0.471827
S1-355245194	S2-990319516	S2	0.471827
S1-355245194	S3-901725431	S3	0.471363
S1-355245194	S2-228884923	S2	0.471182
S1-355245194	S2-425666797	S2	0.471182
S1-355245194	S2-442028041	S2	0.470676
S1-355245194	S2-557086231	S2	0.470676
S1-355245194	S2-711633083	S2	0.470583
S1-355245194	S2-304364246	S2	0.469547
S1-355245194	S2-501120851	S2	0.469547
S1-355245194	S3-868072809	S3	0.264871
S1-355245194	S2-489248526	S2	0.253800
S1-355245194	S2-438613968	S2	0.241370
S1-355245194	S2-757996094	S2	0.237725
S1-355245194	S3-497320781	S3	0.205353
S1-355245194	S3-487372768	S3	0.203417
S1-355245194	S2-663738766	S2	0.199042
S1-355245194	S3-484024393	S3	0.192234
S1-355245194	S3-277265556	S3	0.190810
S1-355245194	S3-143327429	S3	0.189808
S1-355245194	S3-522340191	S3	0.187319
S1-355245194	S3-123460229	S3	0.185569
S1-355245194	S3-639865756	S3	0.185323
S1-355245194	S2-665585624	S2	0.184689
S1-355245194	S3-700377077	S3	0.184146
S1-355245194	S3-343454675	S3	0.183073
S1-355245194	S3-597047563	S3	0.182126
S1-355245194	S3-71266116	S3	0.181131
S1-355245194	S3-691930747	S3	0.179671
S1-355245194	S3-99194516	S3	0.179357
S1-355245194	S3-31540498	S3	0.178541
S1-355245194	S2-932590212	S2	0.176802
S1-355245194	S2-125703973	S2	0.175611
S1-355245194	S3-315599054	S3	0.175430
S1-355245194	S3-451825537	S3	0.174871
S1-355245194	S3-105011232	S3	0.174046
S1-355245194	S3-317275337	S3	0.170773
S1-355245194	S3-117371232	S3	0.168575
S1-355245194	S3-206637105	S3	0.168444
S1-355245194	S3-426014554	S3	0.168444
S1-355245194	S3-496910941	S3	0.168444
S1-355245194	S3-621090803	S3	0.168444
S1-355245194	S2-474107148	S2	0.167826
S1-355245194	S3-703657540	S3	0.165482
S1-355245194	S2-53972281	S2	0.164373
S1-355245194	S2-990387163	S2	0.164373
S1-355245194	S3-106039590	S3	0.163808
S1-355245194	S2-696735564	S2	0.159036
S1-355245194	S2-993248433	S2	0.158215
S1-355245194	S3-333293435	S3	0.156101
S1-355245194	S3-762919340	S3	0.155886
S1-355245194	S2-421100314	S2	0.153222
S1-355245194	S2-298607866	S2	0.149167
S1-355245194	S2-402164214	S2	0.148991
S1-355245194	S2-888848690	S2	0.147996
S1-355245194	S2-7545692	S2	0.144378
S1-769168175	S2-166637594	S2	0.613750
S1-769168175	S2-119235051	S2	0.600000
S1-769168175	S2-137422406	S2	0.600000
S1-769168175	S2-150350733	S2	0.600000
S1-769168175	S2-249593064	S2	0.600000
S1-769168175	S2-253591358	S2	0.600000
S1-769168175	S2-258647906	S2	0.600000
S1-769168175	S2-264020082	S2	0.600000
S1-769168175	S2-281050973	S2	0.600000
S1-769168175	S2-330706959	S2	0.600000
S1-769168175	S2-366703458	S2	0.600000
S1-769168175	S2-375053526	S2	0.600000
S1-769168175	S2-405232232	S2	0.600000
S1-769168175	S2-40780522	S2	0.600000
S1-769168175	S2-464388304	S2	0.600000
S1-769168175	S2-464546648	S2	0.600000
S1-769168175	S2-50085166	S2	0.600000
S1-769168175	S2-544103235	S2	0.600000
S1-769168175	S2-570602711	S2	0.600000
S1-769168175	S2-588219522	S2	0.600000
S1-769168175	S2-610010900	S2	0.600000
S1-769168175	S2-654425778	S2	0.600000
S1-769168175	S2-695827016	S2	0.600000
S1-769168175	S2-730046915	S2	0.600000
S1-769168175	S2-813243568	S2	0.600000
S1-769168175	S2-886823476	S2	0.600000
S1-769168175	S2-907754343	S2	0.600000
S1-769168175	S2-913961025	S2	0.600000
S1-769168175	S2-920239534	S2	0.600000
S1-769168175	S2-924061010	S2	0.600000
S1-769168175	S3-105764159	S3	0.600000
S1-769168175	S3-113219375	S3	0.600000
S1-769168175	S3-125962602	S3	0.600000
S1-769168175	S3-128261199	S3	0.600000
S1-769168175	S3-22281680	S3	0.600000
S1-769168175	S3-223081710	S3	0.600000
S1-769168175	S3-228843890	S3	0.600000
S1-769168175	S3-238791934	S3	0.600000
S1-769168175	S3-245516803	S3	0.600000
S1-769168175	S3-255407143	S3	0.600000
S1-769168175	S3-275741283	S3	0.600000
S1-769168175	S3-284200189	S3	0.600000
S1-769168175	S3-318347603	S3	0.600000
S1-769168175	S3-323341643	S3	0.600000
S1-769168175	S3-397063483	S3	0.600000
S1-769168175	S3-398696402	S3	0.600000
S1-769168175	S3-411603125	S3	0.600000
S1-769168175	S3-437766659	S3	0.600000
S1-769168175	S3-501025133	S3	0.600000
S1-769168175	S3-523774331	S3	0.600000
S1-769168175	S3-524817294	S3	0.600000
S1-769168175	S3-55056988	S3	0.600000
S1-769168175	S3-587907611	S3	0.600000
S1-769168175	S3-639882237	S3	0.600000
S1-769168175	S3-666075521	S3	0.600000
S1-769168175	S3-700584243	S3	0.600000
S1-769168175	S3-710844957	S3	0.600000
S1-769168175	S3-71550140	S3	0.600000
S1-769168175	S3-739263732	S3	0.600000
S1-769168175	S3-743056102	S3	0.600000
S1-769168175	S3-747864591	S3	0.600000
S1-769168175	S3-787557501	S3	0.600000
S1-769168175	S3-788176304	S3	0.600000
S1-769168175	S3-86661165	S3	0.600000
S1-769168175	S3-896771976	S3	0.600000
S1-769168175	S3-902738961	S3	0.600000
S1-769168175	S3-904888215	S3	0.600000
S1-769168175	S3-906086079	S3	0.600000
S1-769168175	S3-935175251	S3	0.600000
S1-769168175	S3-959058246	S3	0.600000
S1-769168175	S3-96316766	S3	0.600000
S1-769168175	S3-967500703	S3	0.600000
S1-769168175	S3-975467799	S3	0.600000
S1-769168175	S3-925661279	S3	0.558076
S1-769168175	S2-965615939	S2	0.558039
S1-769168175	S2-433400146	S2	0.556395
S1-769168175	S3-749245842	S3	0.554519
S1-769168175	S3-648237057	S3	0.543714
S1-769168175	S3-102796675	S3	0.542077
S1-769168175	S3-763840257	S3	0.538590
S1-769168175	S3-116390015	S3	0.523082
S1-769168175	S3-374273193	S3	0.520536
S1-769168175	S2-53300616	S2	0.519634
S1-769168175	S2-720088375	S2	0.518437
S1-769168175	S2-329051983	S2	0.518179
S1-769168175	S2-802838139	S2	0.517920
S1-769168175	S2-804400677	S2	0.517017
S1-769168175	S3-891511229	S3	0.515926
S1-769168175	S2-419983573	S2	0.515925
S1-769168175	S3-145574787	S3	0.512196
S1-769168175	S3-951973191	S3	0.504703
S1-769168175	S2-155997812	S2	0.500108
S1-769168175	S2-88321487	S2	0.498606
S1-769168175	S2-469002611	S2	0.496603
S1-769168175	S2-726580870	S2	0.494294
S1-769168175	S2-540735970	S2	0.492821
S1-769168175	S2-954749787	S2	0.492821
S1-769168175	S2-897719099	S2	0.492193
S1-769168175	S2-932536898	S2	0.491936
S1-769168175	S2-714746277	S2	0.490687
S1-769168175	S2-952141729	S2	0.490687
S1-769168175	S2-611645115	S2	0.483539
S1-769168175	S2-544632180	S2	0.483443
S1-769168175	S2-449399694	S2	0.481310
S1-769168175	S2-898102150	S2	0.480080
S1-769168175	S2-636987989	S2	0.472838
S1-769168175	S2-78539409	S2	0.471971
S1-769168175	S2-985235945	S2	0.466795
S1-769168175	S3-807862994	S3	0.406310
S1-769168175	S3-946635315	S3	0.347508
S1-769168175	S3-295274987	S3	0.251764
S1-769168175	S3-521277611	S3	0.232499
S1-769168175	S3-13420785	S3	0.231686
S1-769168175	S3-618148306	S3	0.219449
S1-769168175	S3-409510562	S3	0.217564
S1-769168175	S3-854728865	S3	0.208074
S1-769168175	S3-145843973	S3	0.207976
S1-769168175	S3-3426223	S3	0.202779
S1-769168175	S3-288795831	S3	0.201367
S1-769168175	S3-381765479	S3	0.201367
S1-769168175	S2-472385577	S2	0.198660
S1-769168175	S3-837978744	S3	0.195327
S1-769168175	S2-455828773	S2	0.192702
S1-769168175	S2-958042250	S2	0.192553
S1-769168175	S3-452701777	S3	0.191623
S1-769168175	S2-882561037	S2	0.188776
S1-769168175	S3-837026331	S3	0.188117
S1-769168175	S2-723571317	S2	0.185892
S1-769168175	S2-133802508	S2	0.185368
S1-769168175	S2-801223459	S2	0.182771
S1-769168175	S3-623661454	S3	0.182664
S1-769168175	S3-904965014	S3	0.178340
S1-769168175	S3-880045550	S3	0.173711
S1-769168175	S3-147458104	S3	0.172134
S1-769168175	S2-236366617	S2	0.170908
S1-769168175	S3-88543593	S3	0.169301
S1-769168175	S3-32923369	S3	0.168859
S1-769168175	S3-589968848	S3	0.162152
S1-769168175	S3-846576209	S3	0.160678
S1-769168175	S3-171031824	S3	0.155892
S1-769168175	S3-119686503	S3	0.155577
S1-769168175	S3-187901135	S3	0.155069
S1-769168175	S3-648099284	S3	0.152416
S1-769168175	S3-229910526	S3	0.152278
S1-769168175	S3-820257123	S3	0.150275
S1-769168175	S2-384617085	S2	0.146742
S1-769168175	S3-876435780	S3	0.146705
S1-769168175	S2-218346051	S2	0.141490
S1-769168175	S2-488586893	S2	0.141490
S1-769168175	S2-750063566	S2	0.140491
S1-807615792	S3-12964962	S3	0.924718
S1-807615792	S3-680673637	S3	0.923053
S1-807615792	S2-642037279	S2	0.880234
S1-807615792	S2-800898223	S2	0.658249
S1-807615792	S2-154688133	S2	0.600000
S1-807615792	S3-82391165	S3	0.600000
S1-807615792	S2-25036766	S2	0.417064
S1-807615792	S2-217763956	S2	0.410920
S1-807615792	S2-226790194	S2	0.410920
S1-807615792	S3-206882652	S3	0.410860
S1-807615792	S2-524797457	S2	0.406795
S1-807615792	S2-623670021	S2	0.406089
S1-807615792	S2-655380640	S2	0.404208
S1-807615792	S2-48115019	S2	0.404148
S1-807615792	S3-409934863	S3	0.404133
S1-807615792	S3-407644896	S3	0.402883
S1-807615792	S3-36393684	S3	0.402648
S1-807615792	S3-975051221	S3	0.402648
S1-807615792	S2-670334694	S2	0.402474
S1-807615792	S2-942350901	S2	0.401724
S1-807615792	S3-183372797	S3	0.401024
S1-807615792	S3-545267660	S3	0.401024
S1-807615792	S3-216092551	S3	0.400920
S1-807615792	S2-414958270	S2	0.399772
S1-807615792	S2-823603445	S2	0.399550
S1-807615792	S2-903074935	S2	0.398534
S1-807615792	S3-634661834	S3	0.398363
S1-807615792	S3-651973085	S3	0.398349
S1-807615792	S2-551622409	S2	0.397019
S1-807615792	S2-516212587	S2	0.396398
S1-807615792	S2-853444810	S2	0.395990
S1-807615792	S3-505899301	S3	0.395683
S1-807615792	S2-599988097	S2	0.395246
S1-807615792	S2-295333985	S2	0.395121
S1-807615792	S3-441646943	S3	0.394649
S1-807615792	S3-470485868	S3	0.394443
S1-807615792	S3-431633193	S3	0.394441
S1-807615792	S2-311000514	S2	0.394149
S1-807615792	S2-538511050	S2	0.394149
S1-807615792	S2-757925613	S2	0.394149
S1-807615792	S2-941987891	S2	0.394035
S1-807615792	S3-424017026	S3	0.393898
S1-807615792	S3-808844431	S3	0.393898
S1-807615792	S3-831838221	S3	0.393898
S1-807615792	S2-575812466	S2	0.393709
S1-807615792	S2-949819481	S2	0.393565
S1-807615792	S2-415141676	S2	0.392925
S1-807615792	S2-155201395	S2	0.392557
S1-807615792	S3-485819632	S3	0.392507
S1-807615792	S2-649530613	S2	0.392386
S1-807615792	S3-105102114	S3	0.391118
S1-807615792	S2-191624346	S2	0.390915
S1-807615792	S2-220076401	S2	0.390915
S1-807615792	S3-433046856	S3	0.390872
S1-807615792	S3-748963499	S3	0.390856
S1-807615792	S2-104974021	S2	0.390663
S1-807615792	S2-292503957	S2	0.390650
S1-807615792	S3-421088676	S3	0.390526
S1-807615792	S2-468862501	S2	0.389755
S1-807615792	S3-140832982	S3	0.388622
S1-807615792	S3-497880909	S3	0.388622
S1-807615792	S2-519314042	S2	0.388150
S1-807615792	S2-78107622	S2	0.388150
S1-807615792	S2-277422814	S2	0.388022
S1-807615792	S3-7371685	S3	0.387974
S1-807615792	S3-436971367	S3	0.387840
S1-807615792	S2-71536562	S2	0.387152
S1-807615792	S2-797145267	S2	0.387152
S1-807615792	S3-218503833	S3	0.386809
S1-807615792	S3-588034639	S3	0.386809
S1-807615792	S3-140825739	S3	0.386073
S1-807615792	S3-986260553	S3	0.384792
S1-807615792	S3-353321783	S3	0.384475
S1-807615792	S3-386913586	S3	0.384475
S1-807615792	S3-908530928	S3	0.384475
S1-807615792	S3-951190163	S3	0.384475
S1-807615792	S2-968488878	S2	0.384283
S1-807615792	S3-210819361	S3	0.383757
S1-807615792	S2-20068499	S2	0.382909
S1-807615792	S3-523830702	S3	0.382246
S1-807615792	S2-313416856	S2	0.382232
S1-807615792	S2-432821232	S2	0.382232
S1-807615792	S2-882563390	S2	0.382232
S1-807615792	S2-475573023	S2	0.382047
S1-807615792	S3-126807655	S3	0.381914
S1-807615792	S2-293058956	S2	0.381438
S1-807615792	S3-197371670	S3	0.381211
S1-807615792	S2-675965855	S2	0.380858
S1-807615792	S2-36057808	S2	0.380744
S1-807615792	S2-449124901	S2	0.380744
S1-807615792	S2-703879488	S2	0.380744
S1-807615792	S2-363936040	S2	0.380730
S1-807615792	S3-389904578	S3	0.380207
S1-807615792	S3-129508639	S3	0.380089
S1-807615792	S3-622750017	S3	0.380089
S1-807615792	S3-894367530	S3	0.380089
S1-807615792	S3-923620556	S3	0.380089
S1-807615792	S3-475071353	S3	0.379890
S1-807615792	S3-771654201	S3	0.379517
S1-807615792	S3-143918113	S3	0.379432
S1-807615792	S3-728276033	S3	0.377065
S1-807615792	S3-165880765	S3	0.287315
S1-807615792	S2-460651148	S2	0.287214
S1-807615792	S2-264745119	S2	0.259923
S1-807615792	S2-733682397	S2	0.258061
S1-807615792	S2-282399030	S2	0.252407
S1-807615792	S2-661107993	S2	0.244231
S1-807615792	S3-232889988	S3	0.238778
S1-807615792	S3-368461022	S3	0.236736
S1-807615792	S2-191373574	S2	0.234717
S1-807615792	S3-340309213	S3	0.234351
S1-807615792	S3-386716866	S3	0.233201
S1-807615792	S2-142772451	S2	0.232147
S1-807615792	S2-768185899	S2	0.229676
S1-807615792	S3-909217626	S3	0.229323
S1-807615792	S3-967968624	S3	0.228059
S1-807615792	S2-927695404	S2	0.225427
S1-807615792	S2-220469572	S2	0.220813
S1-807615792	S2-286011808	S2	0.220704
S1-807615792	S2-319584415	S2	0.215905
S1-807615792	S2-951427541	S2	0.214430
S1-807615792	S2-647010595	S2	0.213589
S1-807615792	S2-796239715	S2	0.212848
S1-807615792	S2-813561068	S2	0.211976
S1-807615792	S2-59119861	S2	0.210719
S1-807615792	S2-828008084	S2	0.209816
S1-807615792	S2-125026311	S2	0.209026
S1-807615792	S2-848138239	S2	0.207357
S1-807615792	S2-283894311	S2	0.205823
S1-807615792	S2-784218690	S2	0.205292
S1-807615792	S2-12270465	S2	0.203453
S1-807615792	S2-258577688	S2	0.203453
S1-807615792	S2-279448853	S2	0.203453
S1-807615792	S2-310587939	S2	0.203453
S1-807615792	S2-66414239	S2	0.203453
S1-807615792	S2-799483563	S2	0.203453
S1-807615792	S3-869718050	S3	0.197217
S1-807615792	S3-82516592	S3	0.196937
S1-807615792	S3-428296346	S3	0.196605
S1-807615792	S3-551977698	S3	0.196071
S1-807615792	S3-976282755	S3	0.195205
S1-807615792	S3-944131342	S3	0.185077
S1-807615792	S3-691979473	S3	0.182229
S1-807615792	S3-713146560	S3	0.182229
S1-807615792	S3-2581565	S3	0.180403
S1-807615792	S3-838725113	S3	0.180359
S1-807615792	S3-715239039	S3	0.180356
S1-807615792	S3-87063133	S3	0.180356
S1-807615792	S3-537391445	S3	0.177199
S1-807615792	S3-502030255	S3	0.175042
S1-120953253	S3-261987529	S3	0.891155
S1-120953253	S2-578580634	S2	0.785719
S1-120953253	S3-420390061	S3	0.573883
S1-120953253	S3-691891011	S3	0.453264
S1-120953253	S2-47529192	S2	0.452629
S1-120953253	S2-133701488	S2	0.451979
S1-120953253	S3-471663603	S3	0.449099
S1-120953253	S2-184736162	S2	0.432411
S1-120953253	S3-111712899	S3	0.432408
S1-120953253	S3-436445242	S3	0.432408
S1-120953253	S3-847486404	S3	0.432408
S1-120953253	S2-896701348	S2	0.432286
S1-120953253	S3-315964235	S3	0.430650
S1-120953253	S3-501022910	S3	0.427888
S1-120953253	S3-718902301	S3	0.427888
S1-120953253	S3-852494635	S3	0.421852
S1-120953253	S3-570420691	S3	0.412959
S1-120953253	S2-430943050	S2	0.406506
S1-120953253	S2-942057663	S2	0.406506
S1-120953253	S2-198008726	S2	0.405350
S1-120953253	S3-974595657	S3	0.403973
S1-120953253	S2-44712644	S2	0.403006
S1-120953253	S2-89365005	S2	0.403006
S1-120953253	S3-66043601	S3	0.402057
S1-120953253	S3-674219194	S3	0.402057
S1-120953253	S3-374073034	S3	0.398978
S1-120953253	S3-378861444	S3	0.398067
S1-120953253	S2-789193755	S2	0.397212
S1-120953253	S2-920140235	S2	0.396295
S1-120953253	S3-25477105	S3	0.396246
S1-120953253	S3-233243997	S3	0.395559
S1-120953253	S2-317007657	S2	0.395080
S1-120953253	S2-309301272	S2	0.394081
S1-120953253	S2-313594232	S2	0.393437
S1-120953253	S2-809252153	S2	0.393437
S1-120953253	S3-543275696	S3	0.392335
S1-120953253	S2-941606280	S2	0.386189
S1-120953253	S3-449212014	S3	0.380695
S1-120953253	S3-14556885	S3	0.378943
S1-120953253	S3-65335706	S3	0.376077
S1-120953253	S3-132204004	S3	0.375957
S1-120953253	S2-524356937	S2	0.375902
S1-120953253	S2-182653343	S2	0.375081
S1-120953253	S3-319312716	S3	0.374152
S1-120953253	S2-16437829	S2	0.373543
S1-120953253	S3-404845752	S3	0.372916
S1-120953253	S2-635464119	S2	0.372914
S1-120953253	S2-831757563	S2	0.372520
S1-120953253	S3-273860951	S3	0.369884
S1-120953253	S2-354829520	S2	0.368363
S1-120953253	S2-145505037	S2	0.368275
S1-120953253	S2-840696153	S2	0.367927
S1-120953253	S2-802723863	S2	0.367310
S1-120953253	S2-3356277	S2	0.366968
S1-120953253	S2-505657760	S2	0.366658
S1-120953253	S3-856978123	S3	0.366084
S1-120953253	S3-745648784	S3	0.365947
S1-120953253	S3-558721909	S3	0.365579
S1-120953253	S2-418168553	S2	0.365291
S1-120953253	S2-751939142	S2	0.365291
S1-120953253	S2-809167887	S2	0.365265
S1-120953253	S3-36675754	S3	0.364012
S1-120953253	S2-94522655	S2	0.363328
S1-120953253	S3-891259415	S3	0.362730
S1-120953253	S3-87023953	S3	0.362580
S1-120953253	S3-150335171	S3	0.362034
S1-120953253	S3-234832766	S3	0.361113
S1-120953253	S3-491873432	S3	0.360644
S1-120953253	S2-301056868	S2	0.360468
S1-120953253	S3-135433128	S3	0.360154
S1-120953253	S3-975124766	S3	0.360154
S1-120953253	S2-209524224	S2	0.359968
S1-120953253	S2-492292375	S2	0.359968
S1-120953253	S3-171383864	S3	0.359784
S1-120953253	S2-594905490	S2	0.357740
S1-120953253	S3-487795199	S3	0.357444
S1-120953253	S2-488102830	S2	0.357257
S1-120953253	S2-398732098	S2	0.356966
S1-120953253	S3-363758262	S3	0.356040
S1-120953253	S3-631939614	S3	0.355736
S1-120953253	S2-672991293	S2	0.355278
S1-120953253	S2-886449237	S2	0.355278
S1-120953253	S3-176317938	S3	0.355072
S1-120953253	S3-798739567	S3	0.355054
S1-120953253	S2-465876137	S2	0.355021
S1-120953253	S2-996017184	S2	0.354148
S1-120953253	S2-104881631	S2	0.354146
S1-120953253	S2-596492590	S2	0.353002
S1-120953253	S3-655053218	S3	0.352530
S1-120953253	S3-344384095	S3	0.352307
S1-120953253	S2-294827602	S2	0.352218
S1-120953253	S3-206269564	S3	0.351797
S1-120953253	S3-79635402	S3	0.351756
S1-120953253	S2-735509651	S2	0.351625
S1-120953253	S3-157488706	S3	0.351348
S1-120953253	S3-652416641	S3	0.351042
S1-120953253	S3-24461598	S3	0.350918
S1-120953253	S2-54734298	S2	0.350839
S1-120953253	S2-669949246	S2	0.350839
S1-120953253	S2-162102657	S2	0.350583
S1-120953253	S2-441350433	S2	0.349597
S1-120953253	S2-749663664	S2	0.349597
S1-120953253	S3-314880734	S3	0.348737
S1-120953253	S3-855953991	S3	0.348737
S1-120953253	S2-325066393	S2	0.348182
S1-120953253	S3-326000951	S3	0.309355
S1-120953253	S2-875749945	S2	0.284142
S1-120953253	S2-471199678	S2	0.272157
S1-120953253	S2-973547491	S2	0.272157
S1-120953253	S3-168984458	S3	0.261481
S1-120953253	S3-772319328	S3	0.254195
S1-120953253	S2-570890186	S2	0.246243
S1-120953253	S3-216048362	S3	0.235259
S1-120953253	S3-366076303	S3	0.230441
S1-120953253	S2-155814852	S2	0.227378
S1-120953253	S2-159946195	S2	0.227378
S1-120953253	S2-165905772	S2	0.227378
S1-120953253	S2-210312295	S2	0.227378
S1-120953253	S2-211826164	S2	0.227378
S1-120953253	S2-279224960	S2	0.227378
S1-120953253	S2-30664781	S2	0.227378
S1-120953253	S2-339128049	S2	0.227378
S1-120953253	S2-348070546	S2	0.227378
S1-120953253	S2-386308622	S2	0.227378
S1-120953253	S2-518987636	S2	0.227378
S1-120953253	S2-535465072	S2	0.227378
S1-120953253	S2-593058679	S2	0.227378
S1-120953253	S2-602743207	S2	0.227378
S1-120953253	S2-614361588	S2	0.227378
S1-120953253	S2-668765437	S2	0.227378
S1-120953253	S2-773495687	S2	0.227378
S1-120953253	S2-83233828	S2	0.227378
S1-120953253	S2-840254287	S2	0.227378
S1-120953253	S2-853632800	S2	0.227378
S1-120953253	S2-878411465	S2	0.227378
S1-120953253	S2-940841727	S2	0.227378
S1-120953253	S2-954870143	S2	0.227378
S1-120953253	S3-94001353	S3	0.222286
S1-120953253	S3-308048647	S3	0.217376
S1-120953253	S3-935636282	S3	0.208703
S1-120953253	S3-512123763	S3	0.202377
S1-120953253	S3-637934444	S3	0.199499
S1-120953253	S3-585955331	S3	0.197601
S1-120953253	S3-686025913	S3	0.194369
S1-120953253	S3-105597041	S3	0.192998
S1-120953253	S3-796996881	S3	0.192662
S1-120953253	S3-914581303	S3	0.191954
S1-120953253	S3-392618411	S3	0.191577
S1-120953253	S3-514942019	S3	0.181947
S1-120953253	S3-645677539	S3	0.177540
S1-623503652	S3-13487315	S3	0.787732
S1-623503652	S2-381168211	S2	0.778240
S1-623503652	S2-700139341	S2	0.744015
S1-623503652	S2-652887958	S2	0.742724
S1-623503652	S2-15126179	S2	0.535069
S1-623503652	S3-484159032	S3	0.369017
S1-623503652	S3-166606494	S3	0.368136
S1-623503652	S3-865329165	S3	0.366460
S1-623503652	S3-636943122	S3	0.366410
S1-623503652	S3-370209477	S3	0.365958
S1-623503652	S2-580025431	S2	0.363996
S1-623503652	S2-750138509	S2	0.358390
S1-623503652	S3-364058063	S3	0.357740
S1-623503652	S3-595036000	S3	0.356842
S1-623503652	S3-258935691	S3	0.355452
S1-623503652	S3-260293646	S3	0.355452
S1-623503652	S3-316046187	S3	0.355452
S1-623503652	S3-426152775	S3	0.355452
S1-623503652	S3-579971360	S3	0.355452
S1-623503652	S3-592663889	S3	0.355452
S1-623503652	S3-824070527	S3	0.355452
S1-623503652	S3-983571171	S3	0.355452
S1-623503652	S2-520804937	S2	0.352599
S1-623503652	S2-999234898	S2	0.351201
S1-623503652	S2-388771672	S2	0.340011
S1-623503652	S2-683196728	S2	0.338739
S1-623503652	S2-437166359	S2	0.337767
S1-623503652	S3-16753488	S3	0.337084
S1-623503652	S2-247181628	S2	0.334269
S1-623503652	S2-413844981	S2	0.332474
S1-623503652	S3-823324676	S3	0.331784
S1-623503652	S2-878763280	S2	0.329712
S1-623503652	S3-324881155	S3	0.322290
S1-623503652	S2-449391739	S2	0.322155
S1-623503652	S2-57811539	S2	0.322155
S1-623503652	S3-388530206	S3	0.321311
S1-623503652	S3-637761673	S3	0.320649
S1-623503652	S3-789508557	S3	0.319898
S1-623503652	S3-870909323	S3	0.319029
S1-623503652	S2-801941460	S2	0.318464
S1-623503652	S3-163218557	S3	0.318298
S1-623503652	S2-683526949	S2	0.318100
S1-623503652	S3-803339234	S3	0.317525
S1-623503652	S3-802933865	S3	0.317315
S1-623503652	S3-634275305	S3	0.317180
S1-623503652	S2-45084882	S2	0.316773
S1-623503652	S2-150170426	S2	0.316632
S1-623503652	S3-321300550	S3	0.316256
S1-623503652	S3-612328459	S3	0.315987
S1-623503652	S2-50979514	S2	0.315783
S1-623503652	S2-306150402	S2	0.315725
S1-623503652	S2-692412091	S2	0.315725
S1-623503652	S2-382114917	S2	0.314120
S1-623503652	S3-583712183	S3	0.313878
S1-623503652	S3-910104078	S3	0.313835
S1-623503652	S3-957627798	S3	0.313069
S1-623503652	S2-700458204	S2	0.312110
S1-623503652	S3-463533472	S3	0.311685
S1-623503652	S2-488890741	S2	0.310412
S1-623503652	S2-589683819	S2	0.309815
S1-623503652	S2-475221743	S2	0.309664
S1-623503652	S3-50599262	S3	0.309095
S1-623503652	S3-708317774	S3	0.308859
S1-623503652	S3-607590731	S3	0.308844
S1-623503652	S3-302402468	S3	0.308451
S1-623503652	S3-790485863	S3	0.308307
S1-623503652	S2-462815193	S2	0.307401
S1-623503652	S2-720218581	S2	0.307307
S1-623503652	S3-6844292	S3	0.307196
S1-623503652	S2-931707206	S2	0.307128
S1-623503652	S3-464471325	S3	0.306617
S1-623503652	S3-344949650	S3	0.306434
S1-623503652	S3-275305466	S3	0.305872
S1-623503652	S3-876102556	S3	0.304740
S1-623503652	S2-789781209	S2	0.303912
S1-623503652	S2-875273030	S2	0.303830
S1-623503652	S2-814716450	S2	0.303781
S1-623503652	S3-380390476	S3	0.303390
S1-623503652	S2-842730968	S2	0.302868
S1-623503652	S2-311997953	S2	0.302080
S1-623503652	S3-454601494	S3	0.301676
S1-623503652	S3-27476398	S3	0.300665
S1-623503652	S3-877518241	S3	0.300665
S1-623503652	S3-888959910	S3	0.300665
S1-623503652	S3-612560302	S3	0.300529
S1-623503652	S3-782302855	S3	0.300354
S1-623503652	S3-585638004	S3	0.300294
S1-623503652	S3-384275802	S3	0.299934
S1-623503652	S3-131347113	S3	0.299484
S1-623503652	S2-68590158	S2	0.299293
S1-623503652	S2-982290495	S2	0.298916
S1-623503652	S2-26547976	S2	0.298905
S1-623503652	S2-763916511	S2	0.298899
S1-623503652	S3-608265464	S3	0.298556
S1-623503652	S3-286196699	S3	0.298324
S1-623503652	S3-926299371	S3	0.298127
S1-623503652	S2-533451228	S2	0.296797
S1-623503652	S2-200589081	S2	0.296573
S1-623503652	S3-492488879	S3	0.295766
S1-623503652	S3-727654658	S3	0.295595
S1-623503652	S2-322899934	S2	0.295559
S1-623503652	S2-128171294	S2	0.295549
S1-623503652	S2-327558769	S2	0.295506
S1-623503652	S3-768111978	S3	0.295111
S1-623503652	S3-975620221	S3	0.294989
S1-623503652	S2-74163382	S2	0.294600
S1-623503652	S2-466075944	S2	0.293952
S1-623503652	S3-395761779	S3	0.293795
S1-623503652	S2-270620523	S2	0.293786
S1-623503652	S2-337279554	S2	0.293705
S1-623503652	S2-885635068	S2	0.292933
S1-623503652	S2-502989435	S2	0.292689
S1-623503652	S2-795531079	S2	0.291933
S1-623503652	S2-136927883	S2	0.291838
S1-623503652	S2-21895975	S2	0.291476
S1-623503652	S2-974232882	S2	0.290708
S1-623503652	S2-559407719	S2	0.290489
S1-623503652	S2-416243361	S2	0.289275
S1-623503652	S3-988881957	S3	0.288523
S1-623503652	S3-29550382	S3	0.283704
S1-623503652	S2-812064397	S2	0.283586
S1-623503652	S3-192213323	S3	0.280027
S1-623503652	S3-476565053	S3	0.275583
S1-623503652	S2-508428325	S2	0.272800
S1-623503652	S3-766807714	S3	0.269969
S1-623503652	S2-599238599	S2	0.266772
S1-623503652	S3-10365403	S3	0.265286
S1-623503652	S3-61662949	S3	0.263419
S1-623503652	S3-281421721	S3	0.260920
S1-623503652	S3-304280821	S3	0.260920
S1-623503652	S2-836033475	S2	0.260757
S1-623503652	S2-515027338	S2	0.260307
S1-623503652	S3-763634784	S3	0.258751
S1-623503652	S2-439035950	S2	0.258513
S1-623503652	S3-413459298	S3	0.258306
S1-623503652	S3-488557985	S3	0.257628
S1-623503652	S3-302617411	S3	0.256819
S1-623503652	S2-836743794	S2	0.255496
S1-623503652	S3-9307219	S3	0.254787
S1-623503652	S2-36574492	S2	0.254292
S1-623503652	S3-534055410	S3	0.253365
S1-623503652	S3-277206383	S3	0.253223
S1-623503652	S3-341141517	S3	0.252824
S1-623503652	S3-581522649	S3	0.252648
S1-623503652	S2-961684742	S2	0.251884
S1-623503652	S2-335559612	S2	0.247302
S1-623503652	S2-405855734	S2	0.247302
S1-623503652	S2-87759125	S2	0.246361
S1-623503652	S2-174829672	S2	0.243018
S1-623503652	S2-978026805	S2	0.241698
S1-789155311	S3-797272243	S3	0.936951
S1-789155311	S2-138777248	S2	0.600000
S1-789155311	S2-181498123	S2	0.600000
S1-789155311	S2-211368575	S2	0.600000
S1-789155311	S2-245096140	S2	0.600000
S1-789155311	S2-275643741	S2	0.600000
S1-789155311	S2-291934526	S2	0.600000
S1-789155311	S2-41992859	S2	0.600000
S1-789155311	S2-420728261	S2	0.600000
S1-789155311	S2-454304969	S2	0.600000
S1-789155311	S2-45890173	S2	0.600000
S1-789155311	S2-657919078	S2	0.600000
S1-789155311	S2-665437856	S2	0.600000
S1-789155311	S2-675119317	S2	0.600000
S1-789155311	S2-707789561	S2	0.600000
S1-789155311	S2-821404879	S2	0.600000
S1-789155311	S2-828069829	S2	0.600000
S1-789155311	S2-944939416	S2	0.600000
S1-789155311	S2-950152244	S2	0.600000
S1-789155311	S3-120842951	S3	0.600000
S1-789155311	S3-139511089	S3	0.600000
S1-789155311	S3-14753199	S3	0.600000
S1-789155311	S3-222010292	S3	0.600000
S1-789155311	S3-227755586	S3	0.600000
S1-789155311	S3-242923168	S3	0.600000
S1-789155311	S3-312427523	S3	0.600000
S1-789155311	S3-317302203	S3	0.600000
S1-789155311	S3-333385263	S3	0.600000
S1-789155311	S3-399891460	S3	0.600000
S1-789155311	S3-450487300	S3	0.600000
S1-789155311	S3-456221179	S3	0.600000
S1-789155311	S3-464579248	S3	0.600000
S1-789155311	S3-46482057	S3	0.600000
S1-789155311	S3-50746892	S3	0.600000
S1-789155311	S3-528891329	S3	0.600000
S1-789155311	S3-547267046	S3	0.600000
S1-789155311	S3-603782039	S3	0.600000
S1-789155311	S3-61867075	S3	0.600000
S1-789155311	S3-671189269	S3	0.600000
S1-789155311	S3-708497639	S3	0.600000
S1-789155311	S3-751116974	S3	0.600000
S1-789155311	S3-754559226	S3	0.600000
S1-789155311	S3-77941199	S3	0.600000
S1-789155311	S3-790233041	S3	0.600000
S1-789155311	S3-81743795	S3	0.600000
S1-789155311	S3-851396202	S3	0.600000
S1-789155311	S3-861822580	S3	0.600000
S1-789155311	S3-872921323	S3	0.600000
S1-789155311	S3-891388313	S3	0.600000
S1-789155311	S3-922442489	S3	0.600000
S1-789155311	S3-934250580	S3	0.600000
S1-789155311	S3-940619177	S3	0.600000
S1-789155311	S3-941357643	S3	0.600000
S1-789155311	S3-335217788	S3	0.574614
S1-789155311	S3-207882844	S3	0.559455
S1-789155311	S3-661811192	S3	0.552336
S1-789155311	S2-868997767	S2	0.543412
S1-789155311	S2-160789655	S2	0.542475
S1-789155311	S3-249212502	S3	0.536555
S1-789155311	S2-316562753	S2	0.536518
S1-789155311	S2-725121158	S2	0.536518
S1-789155311	S3-157398748	S3	0.526386
S1-789155311	S3-430338557	S3	0.524619
S1-789155311	S3-398805492	S3	0.521466
S1-789155311	S3-25489283	S3	0.521002
S1-789155311	S3-581937192	S3	0.521002
S1-789155311	S2-853290994	S2	0.517248
S1-789155311	S3-569681000	S3	0.508122
S1-789155311	S2-376539960	S2	0.506712
S1-789155311	S3-388650520	S3	0.505608
S1-789155311	S3-414217097	S3	0.505608
S1-789155311	S2-577502137	S2	0.501984
S1-789155311	S3-75411157	S3	0.501148
S1-789155311	S3-569785224	S3	0.501071
S1-789155311	S3-262895497	S3	0.494612
S1-789155311	S3-300919578	S3	0.494516
S1-789155311	S2-227451682	S2	0.493823
S1-789155311	S2-296007659	S2	0.493823
S1-789155311	S2-326347572	S2	0.493823
S1-789155311	S2-457409527	S2	0.493823
S1-789155311	S2-785635500	S2	0.493823
S1-789155311	S2-946242630	S2	0.493823
S1-789155311	S2-983226844	S2	0.493823
S1-789155311	S2-138734043	S2	0.490894
S1-789155311	S2-241582553	S2	0.490894
S1-789155311	S2-35277674	S2	0.490894
S1-789155311	S2-803072830	S2	0.490894
S1-789155311	S2-884267477	S2	0.490894
S1-789155311	S2-239336874	S2	0.475278
S1-789155311	S2-109497207	S2	0.474782
S1-789155311	S2-365690093	S2	0.473356
S1-789155311	S2-830639022	S2	0.469561
S1-789155311	S2-449981934	S2	0.469131
S1-789155311	S2-749212750	S2	0.468466
S1-789155311	S2-52781801	S2	0.463658
S1-789155311	S2-833731173	S2	0.462834
S1-789155311	S2-949312163	S2	0.462834
S1-789155311	S2-128367601	S2	0.461572
S1-789155311	S2-417619404	S2	0.459840
S1-789155311	S2-675774692	S2	0.459215
S1-789155311	S2-907791638	S2	0.459215
S1-789155311	S2-598862192	S2	0.457780
S1-789155311	S2-709270693	S2	0.454763
S1-789155311	S2-953502004	S2	0.453970
S1-789155311	S3-184303285	S3	0.320819
S1-789155311	S2-449378610	S2	0.296848
S1-789155311	S3-951992468	S3	0.296526
S1-789155311	S2-996527302	S2	0.290705
S1-789155311	S3-407913631	S3	0.290173
S1-789155311	S2-125490187	S2	0.285268
S1-789155311	S2-399861236	S2	0.285268
S1-789155311	S2-570625885	S2	0.285268
S1-789155311	S2-786070674	S2	0.285268
S1-789155311	S2-97960695	S2	0.285268
S1-789155311	S3-294542278	S3	0.285064
S1-789155311	S3-538883258	S3	0.283345
S1-789155311	S2-557323082	S2	0.283022
S1-789155311	S2-974340225	S2	0.281905
S1-789155311	S3-42939325	S3	0.278913
S1-789155311	S2-841172520	S2	0.278227
S1-789155311	S2-695641093	S2	0.277208
S1-789155311	S2-782111850	S2	0.276912
S1-789155311	S3-58144150	S3	0.276631
S1-789155311	S2-228087321	S2	0.276034
S1-789155311	S3-520398089	S3	0.275796
S1-789155311	S2-526260079	S2	0.274092
S1-789155311	S2-961521157	S2	0.274040
S1-789155311	S2-31435734	S2	0.273667
S1-789155311	S3-259846077	S3	0.270028
S1-789155311	S2-240945258	S2	0.268397
S1-789155311	S3-339002005	S3	0.266485
S1-789155311	S3-165477980	S3	0.264657
S1-789155311	S3-712125660	S3	0.263926
S1-789155311	S2-167077509	S2	0.263826
S1-789155311	S3-147350557	S3	0.263537
S1-789155311	S2-136291347	S2	0.263276
S1-789155311	S2-231000888	S2	0.252909
S1-789155311	S2-679754049	S2	0.252292
S1-789155311	S2-608474092	S2	0.252182
S1-789155311	S2-816101342	S2	0.251967
S1-789155311	S2-530422168	S2	0.251165
S1-789155311	S2-970563815	S2	0.251165
S1-789155311	S2-972755655	S2	0.251165
S1-789155311	S2-103716934	S2	0.251041
S1-789155311	S3-577271872	S3	0.250400
S1-789155311	S3-191052283	S3	0.245134
S1-789155311	S3-492422015	S3	0.243072
S1-789155311	S3-308539121	S3	0.241574
S1-789155311	S3-436933821	S3	0.238676
S1-789155311	S3-256360281	S3	0.238195
S1-597451167	S2-997929345	S2	1.000000
S1-597451167	S2-824335120	S2	0.950646
S1-597451167	S3-148078928	S3	0.907703
S1-597451167	S3-395331482	S3	0.862245
S1-597451167	S2-910629346	S2	0.721715
S1-597451167	S3-561412709	S3	0.448555
S1-597451167	S2-248890690	S2	0.430977
S1-597451167	S2-932071087	S2	0.370255
S1-597451167	S2-99762238	S2	0.370255
S1-597451167	S3-696565651	S3	0.366322
S1-597451167	S3-879610851	S3	0.365127
S1-597451167	S2-195139670	S2	0.361353
S1-597451167	S2-579963729	S2	0.361353
S1-597451167	S3-653700976	S3	0.359096
S1-597451167	S3-786340797	S3	0.358735
S1-597451167	S3-992726716	S3	0.357462
S1-597451167	S2-800672096	S2	0.357052
S1-597451167	S2-113119509	S2	0.356062
S1-597451167	S3-662484528	S3	0.355196
S1-597451167	S2-454251621	S2	0.352906
S1-597451167	S3-895713225	S3	0.351826
S1-597451167	S2-675361871	S2	0.351265
S1-597451167	S3-786332948	S3	0.351200
S1-597451167	S3-452054939	S3	0.346891
S1-597451167	S3-128960740	S3	0.344898
S1-597451167	S3-598689217	S3	0.344309
S1-597451167	S3-885579957	S3	0.342595
S1-597451167	S3-789588055	S3	0.339496
S1-597451167	S2-805989731	S2	0.338092
S1-597451167	S3-471774678	S3	0.337428
S1-597451167	S3-679566021	S3	0.335949
S1-597451167	S2-118480148	S2	0.335682
S1-597451167	S3-168512345	S3	0.335616
S1-597451167	S3-588266135	S3	0.335547
S1-597451167	S2-470862894	S2	0.332878
S1-597451167	S3-232437052	S3	0.331227
S1-597451167	S3-724678329	S3	0.331227
S1-597451167	S3-775399338	S3	0.331182
S1-597451167	S2-149868423	S2	0.331039
S1-597451167	S2-320933744	S2	0.330333
S1-597451167	S2-893758188	S2	0.330333
S1-597451167	S2-494211484	S2	0.329660
S1-597451167	S3-857466527	S3	0.329362
S1-597451167	S2-709497056	S2	0.328729
S1-597451167	S2-913622423	S2	0.328729
S1-597451167	S3-837577490	S3	0.327449
S1-597451167	S3-878938038	S3	0.327449
S1-597451167	S2-81244883	S2	0.326693
S1-597451167	S2-809907586	S2	0.326628
S1-597451167	S2-910295453	S2	0.325839
S1-597451167	S2-361794137	S2	0.325611
S1-597451167	S2-292821807	S2	0.324445
S1-597451167	S2-680079766	S2	0.323316
S1-597451167	S2-841573128	S2	0.323316
S1-597451167	S3-116050701	S3	0.323123
S1-597451167	S3-380369351	S3	0.321748
S1-597451167	S3-432108309	S3	0.321701
S1-597451167	S3-216782642	S3	0.321206
S1-597451167	S3-894673131	S3	0.320293
S1-597451167	S3-380446033	S3	0.320242
S1-597451167	S2-442865857	S2	0.319615
S1-597451167	S2-32048109	S2	0.319496
S1-597451167	S3-435716328	S3	0.318869
S1-597451167	S2-182558408	S2	0.318478
S1-597451167	S2-578460296	S2	0.318346
S1-597451167	S3-687073910	S3	0.316730
S1-597451167	S3-768255322	S3	0.316645
S1-597451167	S3-135363970	S3	0.316033
S1-597451167	S3-573620584	S3	0.315762
S1-597451167	S3-917773397	S3	0.315762
S1-597451167	S3-91001595	S3	0.315506
S1-597451167	S2-864969396	S2	0.314954
S1-597451167	S3-559011546	S3	0.314450
S1-597451167	S3-233431069	S3	0.313633
S1-597451167	S2-684444787	S2	0.313531
S1-597451167	S2-630495473	S2	0.313041
S1-597451167	S3-111056698	S3	0.312596
S1-597451167	S2-359048555	S2	0.312476
S1-597451167	S2-432645786	S2	0.312043
S1-597451167	S2-853129078	S2	0.311619
S1-597451167	S3-816206153	S3	0.311415
S1-597451167	S3-961813119	S3	0.311064
S1-597451167	S2-613468453	S2	0.310996
S1-597451167	S2-102185647	S2	0.310787
S1-597451167	S3-972064599	S3	0.310239
S1-597451167	S3-906751878	S3	0.309399
S1-597451167	S3-507564460	S3	0.309190
S1-597451167	S3-436170446	S3	0.308679
S1-597451167	S3-592077774	S3	0.308679
S1-597451167	S2-988889008	S2	0.308170
S1-597451167	S3-673337669	S3	0.307918
S1-597451167	S3-286414328	S3	0.306866
S1-597451167	S2-311362024	S2	0.306386
S1-597451167	S2-267434023	S2	0.306163
S1-597451167	S2-761202334	S2	0.306163
S1-597451167	S2-233891068	S2	0.305736
S1-597451167	S2-957018439	S2	0.304974
S1-597451167	S2-552051727	S2	0.303112
S1-597451167	S2-325159591	S2	0.302507
S1-597451167	S2-604169894	S2	0.301584
S1-597451167	S2-175084537	S2	0.301279
S1-597451167	S3-933703707	S3	0.294866
S1-597451167	S3-140150609	S3	0.292174
S1-597451167	S2-350759700	S2	0.281890
S1-597451167	S2-803621920	S2	0.276050
S1-597451167	S2-617149976	S2	0.270977
S1-597451167	S2-332135549	S2	0.259951
S1-597451167	S2-929932403	S2	0.259951
S1-597451167	S3-269806390	S3	0.245570
S1-597451167	S3-484074227	S3	0.244083
S1-597451167	S3-600840981	S3	0.244083
S1-597451167	S3-956970969	S3	0.244083
S1-597451167	S3-664252816	S3	0.244067
S1-597451167	S2-948579781	S2	0.243769
S1-597451167	S2-703793773	S2	0.240692
S1-597451167	S2-225341877	S2	0.239164
S1-597451167	S3-384759188	S3	0.235087
S1-597451167	S2-225944233	S2	0.231598
S1-597451167	S3-210945563	S3	0.231048
S1-597451167	S3-239682719	S3	0.229713
S1-597451167	S3-241759852	S3	0.228940
S1-597451167	S3-583557918	S3	0.228494
S1-597451167	S3-110274026	S3	0.224278
S1-597451167	S3-811168968	S3	0.224278
S1-597451167	S3-619897880	S3	0.222800
S1-597451167	S2-410834722	S2	0.222361
S1-597451167	S2-580861026	S2	0.222361
S1-597451167	S3-730021245	S3	0.212584
S1-597451167	S2-875902129	S2	0.206364
S1-597451167	S2-975940048	S2	0.204048
S1-597451167	S2-144604597	S2	0.202072
S1-597451167	S3-144823012	S3	0.200640
S1-597451167	S2-358816575	S2	0.200293
S1-597451167	S2-941760956	S2	0.199173
S1-597451167	S3-143917097	S3	0.198532
S1-597451167	S3-47634258	S3	0.198532
S1-597451167	S3-664545034	S3	0.198532
S1-597451167	S2-57767094	S2	0.198444
S1-597451167	S3-441784035	S3	0.198263
S1-597451167	S3-729757447	S3	0.196335
S1-597451167	S2-27440783	S2	0.195664
S1-597451167	S2-279186681	S2	0.195664
S1-597451167	S2-441472401	S2	0.195664
S1-597451167	S2-882686120	S2	0.195664
S1-597451167	S2-973454910	S2	0.195664
S1-597451167	S3-372913828	S3	0.194353
S1-597451167	S2-251143640	S2	0.192269
S1-597451167	S2-802445450	S2	0.192269
S1-597451167	S3-232087317	S3	0.189876
S1-597451167	S3-460133752	S3	0.186846
S1-410869331	S3-496719968	S3	0.723290
S1-410869331	S2-630863919	S2	0.604556
S1-410869331	S2-245909245	S2	0.604397
S1-410869331	S2-495252662	S2	0.601991
S1-410869331	S3-139890831	S3	0.601749
S1-410869331	S2-123272577	S2	0.600000
S1-410869331	S2-143120975	S2	0.600000
S1-410869331	S2-178865831	S2	0.600000
S1-410869331	S2-256422351	S2	0.600000
S1-410869331	S2-261703828	S2	0.600000
S1-410869331	S2-265016707	S2	0.600000
S1-410869331	S2-276664261	S2	0.600000
S1-410869331	S2-281045995	S2	0.600000
S1-410869331	S2-28983950	S2	0.600000
S1-410869331	S2-290040713	S2	0.600000
S1-410869331	S2-297638742	S2	0.600000
S1-410869331	S2-315246872	S2	0.600000
S1-410869331	S2-363701977	S2	0.600000
S1-410869331	S2-369573247	S2	0.600000
S1-410869331	S2-423745889	S2	0.600000
S1-410869331	S2-457353778	S2	0.600000
S1-410869331	S2-498257684	S2	0.600000
S1-410869331	S2-503685516	S2	0.600000
S1-410869331	S2-507976433	S2	0.600000
S1-410869331	S2-518468884	S2	0.600000
S1-410869331	S2-551926716	S2	0.600000
S1-410869331	S2-59496150	S2	0.600000
S1-410869331	S2-615065802	S2	0.600000
S1-410869331	S2-619491121	S2	0.600000
S1-410869331	S2-632340692	S2	0.600000
S1-410869331	S2-642626389	S2	0.600000
S1-410869331	S2-703368296	S2	0.600000
S1-410869331	S2-71882438	S2	0.600000
S1-410869331	S2-755018916	S2	0.600000
S1-410869331	S2-84998902	S2	0.600000
S1-410869331	S2-866309179	S2	0.600000
S1-410869331	S2-888478556	S2	0.600000
S1-410869331	S2-900295885	S2	0.600000
S1-410869331	S2-907222148	S2	0.600000
S1-410869331	S2-916870181	S2	0.600000
S1-410869331	S2-926308081	S2	0.600000
S1-410869331	S2-938989840	S2	0.600000
S1-410869331	S2-946981389	S2	0.600000
S1-410869331	S2-974439825	S2	0.600000
S1-410869331	S3-121757888	S3	0.600000
S1-410869331	S3-137359902	S3	0.600000
S1-410869331	S3-181952503	S3	0.600000
S1-410869331	S3-18920279	S3	0.600000
S1-410869331	S3-198272061	S3	0.600000
S1-410869331	S3-199438780	S3	0.600000
S1-410869331	S3-219165136	S3	0.600000
S1-410869331	S3-238666266	S3	0.600000
S1-410869331	S3-246468944	S3	0.600000
S1-410869331	S3-24732335	S3	0.600000
S1-410869331	S3-294935694	S3	0.600000
S1-410869331	S3-298804678	S3	0.600000
S1-410869331	S3-329181575	S3	0.600000
S1-410869331	S3-330510901	S3	0.600000
S1-410869331	S3-337263101	S3	0.600000
S1-410869331	S3-340987141	S3	0.600000
S1-410869331	S3-343053052	S3	0.600000
S1-410869331	S3-374370999	S3	0.600000
S1-410869331	S3-378527610	S3	0.600000
S1-410869331	S3-389627629	S3	0.600000
S1-410869331	S3-417381036	S3	0.600000
S1-410869331	S3-451817926	S3	0.600000
S1-410869331	S3-456321287	S3	0.600000
S1-410869331	S3-519679630	S3	0.600000
S1-410869331	S3-537237816	S3	0.600000
S1-410869331	S3-541322887	S3	0.600000
S1-410869331	S3-541613635	S3	0.600000
S1-410869331	S3-545899269	S3	0.600000
S1-410869331	S3-548044068	S3	0.600000
S1-410869331	S3-554341309	S3	0.600000
S1-410869331	S3-555396837	S3	0.600000
S1-410869331	S3-586267504	S3	0.600000
S1-410869331	S3-58888005	S3	0.600000
S1-410869331	S3-661336006	S3	0.600000
S1-410869331	S3-663050983	S3	0.600000
S1-410869331	S3-672425877	S3	0.600000
S1-410869331	S3-683707929	S3	0.600000
S1-410869331	S3-698465918	S3	0.600000
S1-410869331	S3-742200930	S3	0.600000
S1-410869331	S3-743900294	S3	0.600000
S1-410869331	S3-747329249	S3	0.600000
S1-410869331	S3-753084083	S3	0.600000
S1-410869331	S3-758330189	S3	0.600000
S1-410869331	S3-763367419	S3	0.600000
S1-410869331	S3-767550770	S3	0.600000
S1-410869331	S3-788118955	S3	0.600000
S1-410869331	S3-800342539	S3	0.600000
S1-410869331	S3-807649484	S3	0.600000
S1-410869331	S3-844958294	S3	0.600000
S1-410869331	S3-908290090	S3	0.600000
S1-410869331	S3-914691502	S3	0.600000
S1-410869331	S3-950476683	S3	0.600000
S1-410869331	S3-959027009	S3	0.600000
S1-410869331	S3-965912433	S3	0.600000
S1-410869331	S3-975434956	S3	0.600000
S1-410869331	S3-976551439	S3	0.600000
S1-410869331	S3-99437239	S3	0.600000
S1-410869331	S2-499042948	S2	0.572382
S1-410869331	S3-914139352	S3	0.545711
S1-410869331	S2-168688334	S2	0.544919
S1-410869331	S2-790639597	S2	0.533638
S1-410869331	S2-904679228	S2	0.526725
S1-410869331	S2-381541038	S2	0.505747
S1-410869331	S2-341130368	S2	0.503938
S1-410869331	S2-619424493	S2	0.502509
S1-410869331	S2-686953827	S2	0.500674
S1-410869331	S2-992385347	S2	0.500454
S1-410869331	S2-894264417	S2	0.500353
S1-410869331	S3-243895628	S3	0.409269
S1-410869331	S2-308146114	S2	0.312684
S1-410869331	S2-148825433	S2	0.302846
S1-410869331	S2-693278899	S2	0.270884
S1-410869331	S3-830715929	S3	0.263483
S1-410869331	S2-42071393	S2	0.261370
S1-410869331	S3-388982760	S3	0.255414
S1-410869331	S2-956696427	S2	0.244728
S1-410869331	S2-702706613	S2	0.244533
S1-410869331	S2-611461314	S2	0.244520
S1-410869331	S2-536452165	S2	0.244085
S1-410869331	S3-685566175	S3	0.242449
S1-410869331	S2-419019615	S2	0.240353
S1-410869331	S2-619827407	S2	0.233664
S1-410869331	S2-782358451	S2	0.233664
S1-410869331	S3-813963951	S3	0.232132
S1-410869331	S3-739717776	S3	0.231841
S1-410869331	S2-6991905	S2	0.227812
S1-410869331	S2-723264936	S2	0.222932
S1-410869331	S2-951847352	S2	0.221828
S1-410869331	S2-75086838	S2	0.221778
S1-410869331	S3-611229802	S3	0.215683
S1-410869331	S2-34750398	S2	0.213762
S1-410869331	S2-626373373	S2	0.210735
S1-410869331	S2-434664673	S2	0.206177
S1-410869331	S2-582529706	S2	0.205149
S1-410869331	S2-375250475	S2	0.203417
S1-410869331	S2-156381798	S2	0.203338
S1-410869331	S2-173106596	S2	0.203059
S1-410869331	S2-271219823	S2	0.202612
S1-410869331	S2-51563041	S2	0.202612
S1-410869331	S2-566540516	S2	0.202612
S1-410869331	S2-62472974	S2	0.202612
S1-410869331	S2-817785664	S2	0.202612
S1-410869331	S2-979334886	S2	0.202612
S1-410869331	S2-982600077	S2	0.202612
S1-410869331	S2-983940825	S2	0.202612
S1-410869331	S3-828309464	S3	0.191514
S1-137302994	S3-327178005	S3	0.774814
S1-137302994	S3-243195237	S3	0.610928
S1-137302994	S2-211614640	S2	0.602042
S1-137302994	S2-805568327	S2	0.601928
S1-137302994	S3-297822513	S3	0.600760
S1-137302994	S3-483077534	S3	0.600588
S1-137302994	S2-137803547	S2	0.600000
S1-137302994	S2-146250333	S2	0.600000
S1-137302994	S2-178755151	S2	0.600000
S1-137302994	S2-231308168	S2	0.600000
S1-137302994	S2-257136768	S2	0.600000
S1-137302994	S2-296902012	S2	0.600000
S1-137302994	S2-343709123	S2	0.600000
S1-137302994	S2-381884523	S2	0.600000
S1-137302994	S2-491434357	S2	0.600000
S1-137302994	S2-504225198	S2	0.600000
S1-137302994	S2-52983208	S2	0.600000
S1-137302994	S2-587541780	S2	0.600000
S1-137302994	S2-609133394	S2	0.600000
S1-137302994	S2-621102858	S2	0.600000
S1-137302994	S2-631102908	S2	0.600000
S1-137302994	S2-636427	S2	0.600000
S1-137302994	S2-662301515	S2	0.600000
S1-137302994	S2-871623062	S2	0.600000
S1-137302994	S3-146446996	S3	0.600000
S1-137302994	S3-155156778	S3	0.600000
S1-137302994	S3-176480558	S3	0.600000
S1-137302994	S3-179052834	S3	0.600000
S1-137302994	S3-196908886	S3	0.600000
S1-137302994	S3-250196749	S3	0.600000
S1-137302994	S3-258660052	S3	0.600000
S1-137302994	S3-29712108	S3	0.600000
S1-137302994	S3-297601785	S3	0.600000
S1-137302994	S3-357318622	S3	0.600000
S1-137302994	S3-380398787	S3	0.600000
S1-137302994	S3-387259706	S3	0.600000
S1-137302994	S3-414015102	S3	0.600000
S1-137302994	S3-517470412	S3	0.600000
S1-137302994	S3-560382895	S3	0.600000
S1-137302994	S3-632475325	S3	0.600000
S1-137302994	S3-646397996	S3	0.600000
S1-137302994	S3-653301941	S3	0.600000
S1-137302994	S3-675916102	S3	0.600000
S1-137302994	S3-741710089	S3	0.600000
S1-137302994	S3-775337100	S3	0.600000
S1-137302994	S3-794977782	S3	0.600000
S1-137302994	S3-799699520	S3	0.600000
S1-137302994	S3-830018854	S3	0.600000
S1-137302994	S3-859341649	S3	0.600000
S1-137302994	S3-883203528	S3	0.600000
S1-137302994	S3-897740970	S3	0.600000
S1-137302994	S3-898565349	S3	0.600000
S1-137302994	S3-907757704	S3	0.600000
S1-137302994	S3-968921589	S3	0.600000
S1-137302994	S3-992381178	S3	0.600000
S1-137302994	S2-435320411	S2	0.584267
S1-137302994	S3-184172021	S3	0.582855
S1-137302994	S2-570548385	S2	0.570831
S1-137302994	S3-818413749	S3	0.556881
S1-137302994	S2-361012644	S2	0.556427
S1-137302994	S2-839806446	S2	0.551117
S1-137302994	S3-952556341	S3	0.548514
S1-137302994	S2-193599951	S2	0.546654
S1-137302994	S3-405333118	S3	0.544115
S1-137302994	S3-997019453	S3	0.543887
S1-137302994	S3-759751147	S3	0.534126
S1-137302994	S2-798404233	S2	0.533327
S1-137302994	S3-805936264	S3	0.532344
S1-137302994	S3-229384386	S3	0.531328
S1-137302994	S3-19941314	S3	0.529859
S1-137302994	S2-477163354	S2	0.528518
S1-137302994	S3-672746662	S3	0.527356
S1-137302994	S2-632322586	S2	0.527232
S1-137302994	S3-33636855	S3	0.523031
S1-137302994	S2-793339358	S2	0.521851
S1-137302994	S2-580457468	S2	0.519369
S1-137302994	S2-355089113	S2	0.519069
S1-137302994	S3-466907209	S3	0.515535
S1-137302994	S2-498960416	S2	0.515311
S1-137302994	S2-14386899	S2	0.508713
S1-137302994	S2-627017396	S2	0.507847
S1-137302994	S3-558611666	S3	0.504113
S1-137302994	S3-8837758	S3	0.501335
S1-137302994	S3-958350529	S3	0.499602
S1-137302994	S2-83181009	S2	0.499420
S1-137302994	S2-530974275	S2	0.497941
S1-137302994	S2-235386543	S2	0.497158
S1-137302994	S2-196635735	S2	0.494987
S1-137302994	S2-538199856	S2	0.494395
S1-137302994	S2-218539227	S2	0.492323
S1-137302994	S2-202729154	S2	0.491953
S1-137302994	S2-102191096	S2	0.491511
S1-137302994	S2-678352578	S2	0.491511
S1-137302994	S3-103313547	S3	0.491423
S1-137302994	S3-757578017	S3	0.491423
S1-137302994	S2-279720594	S2	0.487661
S1-137302994	S2-47896267	S2	0.485644
S1-137302994	S2-710981756	S2	0.484871
S1-137302994	S2-613261032	S2	0.484833
S1-137302994	S2-474279610	S2	0.484551
S1-137302994	S2-435269650	S2	0.484308
S1-137302994	S2-686510452	S2	0.484030
S1-137302994	S2-180017042	S2	0.484003
S1-137302994	S2-311814137	S2	0.484003
S1-137302994	S3-402453487	S3	0.433545
S1-137302994	S2-609631018	S2	0.432898
S1-137302994	S3-74480181	S3	0.359622
S1-137302994	S2-617386961	S2	0.316607
S1-137302994	S2-277705359	S2	0.311617
S1-137302994	S3-372113735	S3	0.308405
S1-137302994	S3-872618312	S3	0.301708
S1-137302994	S2-368836969	S2	0.299846
S1-137302994	S3-533475263	S3	0.299265
S1-137302994	S3-983192051	S3	0.294994
S1-137302994	S2-989808695	S2	0.292084
S1-137302994	S2-466207290	S2	0.277992
S1-137302994	S3-136789976	S3	0.273290
S1-137302994	S3-616596501	S3	0.271115
S1-137302994	S2-523499037	S2	0.266112
S1-137302994	S3-11714882	S3	0.265944
S1-137302994	S2-818773456	S2	0.263587
S1-137302994	S3-806400595	S3	0.263401
S1-137302994	S2-342930407	S2	0.261585
S1-137302994	S2-439223265	S2	0.261367
S1-137302994	S2-399509866	S2	0.261267
S1-137302994	S3-572758589	S3	0.256582
S1-137302994	S2-66359440	S2	0.255207
S1-137302994	S2-953684886	S2	0.252240
S1-137302994	S3-514974647	S3	0.247475
S1-137302994	S2-920307483	S2	0.244297
S1-137302994	S3-537986579	S3	0.242899
S1-137302994	S2-780198330	S2	0.242192
S1-137302994	S3-178601721	S3	0.241854
S1-137302994	S3-799484316	S3	0.241563
S1-137302994	S3-278197328	S3	0.240625
S1-137302994	S3-828548952	S3	0.239477
S1-137302994	S3-195276717	S3	0.239013
S1-137302994	S2-973152149	S2	0.236493
S1-137302994	S2-928478277	S2	0.235974
S1-137302994	S2-520143301	S2	0.234909
S1-137302994	S3-408964794	S3	0.234597
S1-137302994	S3-212864313	S3	0.232852
S1-137302994	S2-718144375	S2	0.232440
S1-137302994	S2-784486701	S2	0.231444
S1-137302994	S2-769918006	S2	0.231221
S1-137302994	S2-187656277	S2	0.230945
S1-137302994	S2-272406895	S2	0.230550
S1-137302994	S3-905618610	S3	0.227310
S1-137302994	S2-607971533	S2	0.225792
S1-137302994	S2-628156873	S2	0.224694
S1-665973616	S2-342202556	S2	0.799843
S1-665973616	S3-962495202	S3	0.690940
S1-665973616	S3-385695829	S3	0.588308
S1-665973616	S3-81728886	S3	0.588308
S1-665973616	S2-809409920	S2	0.547045
S1-665973616	S2-518179079	S2	0.544822
S1-665973616	S2-640420911	S2	0.544822
S1-665973616	S3-121054838	S3	0.544034
S1-665973616	S3-266006856	S3	0.544034
S1-665973616	S3-412845378	S3	0.544034
S1-665973616	S3-438061867	S3	0.544034
S1-665973616	S3-505562875	S3	0.544034
S1-665973616	S3-758517266	S3	0.544034
S1-665973616	S3-934466522	S3	0.544034
S1-665973616	S3-954330951	S3	0.544034
S1-665973616	S3-75479122	S3	0.540973
S1-665973616	S2-890599472	S2	0.532926
S1-665973616	S3-739739717	S3	0.532905
S1-665973616	S3-74868470	S3	0.530946
S1-665973616	S3-224222481	S3	0.529284
S1-665973616	S3-406625966	S3	0.529284
S1-665973616	S3-631075406	S3	0.529284
S1-665973616	S3-770666517	S3	0.529284
S1-665973616	S3-792562490	S3	0.528083
S1-665973616	S2-512056643	S2	0.527614
S1-665973616	S2-823922624	S2	0.527614
S1-665973616	S3-69458500	S3	0.520811
S1-665973616	S3-680730813	S3	0.520433
S1-665973616	S3-738093023	S3	0.519341
S1-665973616	S3-715004716	S3	0.519185
S1-665973616	S2-222135297	S2	0.517882
S1-665973616	S2-664543713	S2	0.517593
S1-665973616	S2-603985159	S2	0.517559
S1-665973616	S2-316501592	S2	0.517448
S1-665973616	S2-111073630	S2	0.517396
S1-665973616	S3-61667066	S3	0.517366
S1-665973616	S3-30109805	S3	0.517274
S1-665973616	S3-357937278	S3	0.517274
S1-665973616	S3-467806686	S3	0.517274
S1-665973616	S3-664202271	S3	0.517274
S1-665973616	S3-977696438	S3	0.517274
S1-665973616	S2-352957646	S2	0.516892
S1-665973616	S3-199084740	S3	0.516534
S1-665973616	S3-549159274	S3	0.515733
S1-665973616	S2-327462669	S2	0.515484
S1-665973616	S2-737651258	S2	0.515484
S1-665973616	S2-80283633	S2	0.515484
S1-665973616	S2-98788417	S2	0.515484
S1-665973616	S2-990024913	S2	0.515484
S1-665973616	S3-529329987	S3	0.514799
S1-665973616	S3-635814085	S3	0.514776
S1-665973616	S3-1270207	S3	0.514675
S1-665973616	S3-162489967	S3	0.514675
S1-665973616	S3-237556445	S3	0.514675
S1-665973616	S3-262219324	S3	0.514675
S1-665973616	S3-32443804	S3	0.514675
S1-665973616	S3-449936317	S3	0.514675
S1-665973616	S3-45856640	S3	0.514675
S1-665973616	S3-483819943	S3	0.514675
S1-665973616	S3-669822272	S3	0.514675
S1-665973616	S3-818563495	S3	0.514675
S1-665973616	S3-890745292	S3	0.514675
S1-665973616	S3-936848313	S3	0.514675
S1-665973616	S3-579473727	S3	0.514394
S1-665973616	S3-774134938	S3	0.512875
S1-665973616	S3-897833676	S3	0.512875
S1-665973616	S2-962657606	S2	0.511661
S1-665973616	S3-471568820	S3	0.507910
S1-665973616	S2-99919291	S2	0.506933
S1-665973616	S2-813310953	S2	0.503934
S1-665973616	S3-211210374	S3	0.502321
S1-665973616	S3-751237326	S3	0.501332
S1-665973616	S2-998022165	S2	0.501323
S1-665973616	S3-366739461	S3	0.499084
S1-665973616	S3-683614301	S3	0.499084
S1-665973616	S2-351606993	S2	0.498851
S1-665973616	S2-241111623	S2	0.497291
S1-665973616	S2-286296047	S2	0.495882
S1-665973616	S2-14252256	S2	0.495165
S1-665973616	S2-546491008	S2	0.490994
S1-665973616	S2-856465042	S2	0.490359
S1-665973616	S2-58311279	S2	0.489407
S1-665973616	S2-115220084	S2	0.487548
S1-665973616	S2-230183302	S2	0.487548
S1-665973616	S2-388374740	S2	0.487548
S1-665973616	S2-595406263	S2	0.487548
S1-665973616	S2-920449805	S2	0.486544
S1-665973616	S2-27745232	S2	0.484514
S1-665973616	S2-14320198	S2	0.484089
S1-665973616	S2-377261480	S2	0.482505
S1-665973616	S2-552568534	S2	0.482363
S1-665973616	S2-746606668	S2	0.481687
S1-665973616	S2-299257032	S2	0.480362
S1-665973616	S2-731436062	S2	0.479072
S1-665973616	S2-899270278	S2	0.478301
S1-665973616	S2-621323995	S2	0.477665
S1-665973616	S2-221052983	S2	0.476053
S1-665973616	S2-476444542	S2	0.475888
S1-665973616	S2-873646059	S2	0.475391
S1-665973616	S2-644394535	S2	0.475108
S1-665973616	S2-382445020	S2	0.474295
S1-665973616	S2-669488940	S2	0.473629
S1-665973616	S2-356526122	S2	0.473040
S1-665973616	S2-821316082	S2	0.473040
S1-665973616	S2-217885226	S2	0.472120
S1-665973616	S2-845288577	S2	0.472120
S1-665973616	S2-3824661	S2	0.265155
S1-665973616	S2-161796031	S2	0.253829
S1-665973616	S2-606416381	S2	0.232924
S1-665973616	S3-363892504	S3	0.222224
S1-665973616	S2-846354231	S2	0.219491
S1-665973616	S2-946106664	S2	0.208966
S1-665973616	S2-484763914	S2	0.205628
S1-665973616	S2-605325788	S2	0.205116
S1-665973616	S2-908287564	S2	0.204455
S1-665973616	S2-270113635	S2	0.203567
S1-665973616	S2-288867808	S2	0.202215
S1-665973616	S2-410839540	S2	0.201464
S1-665973616	S3-593084403	S3	0.200802
S1-665973616	S2-685832166	S2	0.200328
S1-665973616	S2-727379777	S2	0.200172
S1-665973616	S2-206978387	S2	0.199214
S1-665973616	S3-942674484	S3	0.199201
S1-665973616	S2-74634441	S2	0.197945
S1-665973616	S3-158474225	S3	0.195481
S1-665973616	S2-843402617	S2	0.195237
S1-665973616	S2-95156273	S2	0.192898
S1-665973616	S3-935722990	S3	0.192282
S1-665973616	S3-493009146	S3	0.191710
S1-665973616	S2-544275874	S2	0.190405
S1-665973616	S3-344890161	S3	0.188178
S1-665973616	S2-160656495	S2	0.185306
S1-665973616	S2-945761045	S2	0.185206
S1-665973616	S2-443181044	S2	0.183879
S1-665973616	S3-141260150	S3	0.183707
S1-665973616	S3-192823992	S3	0.183707
S1-665973616	S3-971148113	S3	0.183274
S1-665973616	S2-166128953	S2	0.182894
S1-665973616	S2-995083146	S2	0.182651
S1-665973616	S3-766719348	S3	0.182214
S1-665973616	S2-178603953	S2	0.182186
S1-665973616	S2-585639513	S2	0.181390
S1-665973616	S2-152350183	S2	0.181286
S1-665973616	S3-873725113	S3	0.180403
S1-665973616	S2-78626066	S2	0.180190
S1-665973616	S3-373580703	S3	0.176182
S1-665973616	S3-681908704	S3	0.175146
S1-665973616	S3-170583187	S3	0.172982
S1-665973616	S3-285541544	S3	0.172957
S1-665973616	S3-551302364	S3	0.172205
S1-637555833	S2-32508364	S2	0.908647
S1-637555833	S3-156579939	S3	0.625993
S1-637555833	S3-109648443	S3	0.623828
S1-637555833	S3-763155896	S3	0.578917
S1-637555833	S3-354918800	S3	0.484152
S1-637555833	S2-149423210	S2	0.480588
S1-637555833	S3-863850430	S3	0.478649
S1-637555833	S3-103655590	S3	0.476805
S1-637555833	S3-826351950	S3	0.476805
S1-637555833	S2-685864182	S2	0.476246
S1-637555833	S3-703434263	S3	0.475085
S1-637555833	S2-119861094	S2	0.473366
S1-637555833	S3-592237873	S3	0.470648
S1-637555833	S3-499703085	S3	0.470322
S1-637555833	S3-52196570	S3	0.470322
S1-637555833	S3-537986234	S3	0.470322
S1-637555833	S3-554064955	S3	0.470322
S1-637555833	S3-567550463	S3	0.470322
S1-637555833	S3-630790261	S3	0.470322
S1-637555833	S3-753044442	S3	0.470322
S1-637555833	S3-788053724	S3	0.470322
S1-637555833	S3-946879962	S3	0.470322
S1-637555833	S3-992939580	S3	0.470322
S1-637555833	S2-554157879	S2	0.469738
S1-637555833	S3-706339264	S3	0.468420
S1-637555833	S3-685448287	S3	0.466404
S1-637555833	S2-968528203	S2	0.466059
S1-637555833	S3-878892426	S3	0.465204
S1-637555833	S3-824706195	S3	0.464397
S1-637555833	S3-974039901	S3	0.464397
S1-637555833	S2-304675746	S2	0.463436
S1-637555833	S3-74431812	S3	0.463160
S1-637555833	S2-506316470	S2	0.462389
S1-637555833	S2-619803783	S2	0.462389
S1-637555833	S2-548287274	S2	0.460041
S1-637555833	S3-761019201	S3	0.459017
S1-637555833	S3-26254961	S3	0.457891
S1-637555833	S2-376198238	S2	0.457359
S1-637555833	S2-863422020	S2	0.456802
S1-637555833	S2-174428141	S2	0.456112
S1-637555833	S2-459947775	S2	0.455979
S1-637555833	S2-909547483	S2	0.455979
S1-637555833	S3-281397610	S3	0.454350
S1-637555833	S3-351033380	S3	0.454192
S1-637555833	S2-907372893	S2	0.452854
S1-637555833	S2-997284263	S2	0.452844
S1-637555833	S3-558223692	S3	0.452770
S1-637555833	S3-800347684	S3	0.452770
S1-637555833	S3-941935555	S3	0.451840
S1-637555833	S3-911432063	S3	0.451702
S1-637555833	S3-42136635	S3	0.451618
S1-637555833	S3-606641583	S3	0.451618
S1-637555833	S3-678216298	S3	0.451377
S1-637555833	S3-806052342	S3	0.451289
S1-637555833	S2-381846900	S2	0.451275
S1-637555833	S2-747104746	S2	0.450743
S1-637555833	S3-650713701	S3	0.449749
S1-637555833	S3-144427579	S3	0.449663
S1-637555833	S3-790753214	S3	0.449663
S1-637555833	S3-876566220	S3	0.449663
S1-637555833	S3-154871308	S3	0.449396
S1-637555833	S3-611739417	S3	0.449050
S1-637555833	S2-617784610	S2	0.448736
S1-637555833	S2-790403370	S2	0.448736
S1-637555833	S2-861954459	S2	0.448125
S1-637555833	S2-155010043	S2	0.447175
S1-637555833	S2-120272093	S2	0.447133
S1-637555833	S2-156292817	S2	0.447115
S1-637555833	S2-178120	S2	0.447115
S1-637555833	S3-824142456	S3	0.446430
S1-637555833	S3-593962813	S3	0.445924
S1-637555833	S3-423805915	S3	0.445816
S1-637555833	S2-735443071	S2	0.445510
S1-637555833	S2-745612246	S2	0.445510
S1-637555833	S3-46045251	S3	0.445464
S1-637555833	S3-829108412	S3	0.445435
S1-637555833	S3-189698206	S3	0.445128
S1-637555833	S3-202560301	S3	0.444921
S1-637555833	S2-955233253	S2	0.444690
S1-637555833	S2-174682094	S2	0.443956
S1-637555833	S2-19957130	S2	0.442736
S1-637555833	S3-135386184	S3	0.441603
S1-637555833	S2-906039315	S2	0.439520
S1-637555833	S2-194800417	S2	0.439030
S1-637555833	S2-508758550	S2	0.439030
S1-637555833	S2-776614359	S2	0.438999
S1-637555833	S2-424112507	S2	0.438600
S1-637555833	S2-743191351	S2	0.438600
S1-637555833	S2-870460418	S2	0.438600
S1-637555833	S2-933263846	S2	0.438229
S1-637555833	S2-799009415	S2	0.438194
S1-637555833	S2-682455141	S2	0.437932
S1-637555833	S2-974622183	S2	0.437377
S1-637555833	S2-926938822	S2	0.437028
S1-637555833	S2-552429548	S2	0.436492
S1-637555833	S2-138841257	S2	0.436396
S1-637555833	S2-969849109	S2	0.435965
S1-637555833	S2-27196926	S2	0.435702
S1-637555833	S2-653329262	S2	0.435702
S1-637555833	S2-912283708	S2	0.435702
S1-637555833	S2-158516990	S2	0.434968
S1-637555833	S3-384576222	S3	0.329222
S1-637555833	S2-431473625	S2	0.303381
S1-637555833	S2-954288953	S2	0.253168
S1-637555833	S2-22339201	S2	0.252417
S1-637555833	S3-238069195	S3	0.251998
S1-637555833	S2-259431961	S2	0.249202
S1-637555833	S3-547837963	S3	0.247139
S1-637555833	S3-76254521	S3	0.247139
S1-637555833	S2-455985351	S2	0.241137
S1-637555833	S2-497762447	S2	0.241137
S1-637555833	S2-678098582	S2	0.241137
S1-637555833	S2-654727774	S2	0.239085
S1-637555833	S3-140623380	S3	0.236231
S1-637555833	S2-608086259	S2	0.234982
S1-637555833	S2-566957862	S2	0.232577
S1-637555833	S2-650935580	S2	0.231690
S1-637555833	S2-238091879	S2	0.227873
S1-637555833	S2-872848951	S2	0.225279
S1-637555833	S2-909707934	S2	0.224694
S1-637555833	S2-864200761	S2	0.220910
S1-637555833	S2-273885564	S2	0.219456
S1-637555833	S2-685914125	S2	0.219456
S1-637555833	S2-102324634	S2	0.219393
S1-637555833	S2-600219447	S2	0.218528
S1-637555833	S2-10275779	S2	0.218392
S1-637555833	S2-111578173	S2	0.218392
S1-637555833	S2-116795138	S2	0.218392
S1-637555833	S2-211073090	S2	0.216274
S1-637555833	S2-528216484	S2	0.215838
S1-637555833	S2-567359479	S2	0.215838
S1-637555833	S2-688172903	S2	0.215838
S1-637555833	S2-874595374	S2	0.215027
S1-637555833	S2-218684223	S2	0.214454
S1-637555833	S2-772901239	S2	0.212825
S1-637555833	S3-359069760	S3	0.200766
S1-637555833	S3-845985940	S3	0.196249
S1-637555833	S3-236646992	S3	0.194383
S1-637555833	S3-361664754	S3	0.192240
S1-637555833	S3-152661835	S3	0.189999
S1-637555833	S3-149833424	S3	0.188977
S1-637555833	S3-362675520	S3	0.184581
S1-637555833	S3-246528618	S3	0.183887
S1-637555833	S3-34422011	S3	0.182981
S1-637555833	S3-307479997	S3	0.176948
S1-637555833	S3-228412729	S3	0.169399
S1-637555833	S3-104715038	S3	0.168958
S1-637555833	S3-620292673	S3	0.167471
S1-637555833	S3-898562056	S3	0.163765
S1-637555833	S3-435330586	S3	0.163175
S1-351353929	S3-459171818	S3	0.635478
S1-351353929	S3-620733648	S3	0.607763
S1-351353929	S2-21517183	S2	0.603887
S1-351353929	S2-102524040	S2	0.600000
S1-351353929	S2-123997648	S2	0.600000
S1-351353929	S2-174648700	S2	0.600000
S1-351353929	S2-223641182	S2	0.600000
S1-351353929	S2-306302922	S2	0.600000
S1-351353929	S2-424927854	S2	0.600000
S1-351353929	S2-475982006	S2	0.600000
S1-351353929	S2-511962973	S2	0.600000
S1-351353929	S2-602359053	S2	0.600000
S1-351353929	S2-639112273	S2	0.600000
S1-351353929	S2-668109455	S2	0.600000
S1-351353929	S2-692813948	S2	0.600000
S1-351353929	S2-693379533	S2	0.600000
S1-351353929	S2-716455066	S2	0.600000
S1-351353929	S2-763708637	S2	0.600000
S1-351353929	S2-791436782	S2	0.600000
S1-351353929	S2-82264941	S2	0.600000
S1-351353929	S2-853420425	S2	0.600000
S1-351353929	S2-95437564	S2	0.600000
S1-351353929	S3-103810747	S3	0.600000
S1-351353929	S3-104189435	S3	0.600000
S1-351353929	S3-140059117	S3	0.600000
S1-351353929	S3-161046327	S3	0.600000
S1-351353929	S3-174145474	S3	0.600000
S1-351353929	S3-219119102	S3	0.600000
S1-351353929	S3-236616779	S3	0.600000
S1-351353929	S3-252290622	S3	0.600000
S1-351353929	S3-256729530	S3	0.600000
S1-351353929	S3-272466139	S3	0.600000
S1-351353929	S3-280394721	S3	0.600000
S1-351353929	S3-302451718	S3	0.600000
S1-351353929	S3-310531154	S3	0.600000
S1-351353929	S3-368036960	S3	0.600000
S1-351353929	S3-377120345	S3	0.600000
S1-351353929	S3-428483013	S3	0.600000
S1-351353929	S3-433094182	S3	0.600000
S1-351353929	S3-43806356	S3	0.600000
S1-351353929	S3-440924814	S3	0.600000
S1-351353929	S3-450732587	S3	0.600000
S1-351353929	S3-4604104	S3	0.600000
S1-351353929	S3-509167186	S3	0.600000
S1-351353929	S3-560699613	S3	0.600000
S1-351353929	S3-620476633	S3	0.600000
S1-351353929	S3-654550785	S3	0.600000
S1-351353929	S3-665554817	S3	0.600000
S1-351353929	S3-665745078	S3	0.600000
S1-351353929	S3-667573759	S3	0.600000
S1-351353929	S3-70123570	S3	0.600000
S1-351353929	S3-732025450	S3	0.600000
S1-351353929	S3-736299975	S3	0.600000
S1-351353929	S3-738498058	S3	0.600000
S1-351353929	S3-760356227	S3	0.600000
S1-351353929	S3-769378507	S3	0.600000
S1-351353929	S3-833835355	S3	0.600000
S1-351353929	S3-873861099	S3	0.600000
S1-351353929	S3-880442106	S3	0.600000
S1-351353929	S3-881770213	S3	0.600000
S1-351353929	S3-891995156	S3	0.600000
S1-351353929	S3-893696153	S3	0.600000
S1-351353929	S3-970462621	S3	0.600000
S1-351353929	S3-996798552	S3	0.600000
S1-351353929	S2-9087400	S2	0.592178
S1-351353929	S2-572568535	S2	0.590455
S1-351353929	S3-665015877	S3	0.587204
S1-351353929	S3-69636859	S3	0.540979
S1-351353929	S3-479451122	S3	0.538720
S1-351353929	S2-14493124	S2	0.538027
S1-351353929	S2-206218423	S2	0.534163
S1-351353929	S3-159903996	S3	0.532561
S1-351353929	S3-790006725	S3	0.530889
S1-351353929	S3-409670119	S3	0.530481
S1-351353929	S3-298617638	S3	0.529779
S1-351353929	S3-621336724	S3	0.529779
S1-351353929	S2-828297256	S2	0.529445
S1-351353929	S2-58323384	S2	0.527260
S1-351353929	S2-627797424	S2	0.527260
S1-351353929	S2-221556485	S2	0.526589
S1-351353929	S2-651160973	S2	0.526589
S1-351353929	S2-867050076	S2	0.526589
S1-351353929	S3-147787561	S3	0.524285
S1-351353929	S3-3657418	S3	0.524285
S1-351353929	S3-4709016	S3	0.524285
S1-351353929	S3-56077905	S3	0.524285
S1-351353929	S3-562186688	S3	0.524285
S1-351353929	S3-948614052	S3	0.524285
S1-351353929	S3-994982197	S3	0.524285
S1-351353929	S2-269456019	S2	0.520757
S1-351353929	S3-704599020	S3	0.520695
S1-351353929	S2-225137710	S2	0.508066
S1-351353929	S2-451320012	S2	0.505000
S1-351353929	S2-545189333	S2	0.504951
S1-351353929	S2-961983407	S2	0.503711
S1-351353929	S2-256111537	S2	0.503242
S1-351353929	S2-97866346	S2	0.503242
S1-351353929	S2-55640881	S2	0.501907
S1-351353929	S2-561524336	S2	0.500986
S1-351353929	S2-445420936	S2	0.500541
S1-351353929	S2-718281252	S2	0.500541
S1-351353929	S2-757632662	S2	0.500541
S1-351353929	S2-933643683	S2	0.495636
S1-351353929	S2-915186896	S2	0.492957
S1-351353929	S2-377424770	S2	0.492753
S1-351353929	S2-525232755	S2	0.491069
S1-351353929	S2-602160357	S2	0.491069
S1-351353929	S2-922793658	S2	0.486040
S1-351353929	S2-654495466	S2	0.484138
S1-351353929	S2-171673032	S2	0.483518
S1-351353929	S2-975042881	S2	0.483518
S1-351353929	S3-773846564	S3	0.420419
S1-351353929	S2-117265267	S2	0.336738
S1-351353929	S2-816293960	S2	0.287069
S1-351353929	S2-213603408	S2	0.283606
S1-351353929	S2-361125441	S2	0.283606
S1-351353929	S2-723875184	S2	0.280157
S1-351353929	S2-107241832	S2	0.274716
S1-351353929	S2-811211081	S2	0.272216
S1-351353929	S2-586445708	S2	0.270176
S1-351353929	S2-408501644	S2	0.265462
S1-351353929	S2-446598161	S2	0.259412
S1-351353929	S2-468904987	S2	0.258922
S1-351353929	S2-98496116	S2	0.257431
S1-351353929	S2-575755279	S2	0.257331
S1-351353929	S2-805759009	S2	0.257294
S1-351353929	S2-801127246	S2	0.256374
S1-351353929	S2-948835543	S2	0.255817
S1-351353929	S2-733478738	S2	0.247751
S1-351353929	S2-160500044	S2	0.245070
S1-351353929	S2-391284748	S2	0.245070
S1-351353929	S2-131121303	S2	0.238600
S1-351353929	S2-632252056	S2	0.238600
S1-351353929	S3-34388386	S3	0.236233
S1-351353929	S2-776641795	S2	0.234523
S1-351353929	S2-699510836	S2	0.232531
S1-351353929	S2-411646165	S2	0.231175
S1-351353929	S2-528429501	S2	0.230797
S1-351353929	S2-86919908	S2	0.230071
S1-351353929	S2-476818130	S2	0.229639
S1-351353929	S2-137181735	S2	0.228351
S1-351353929	S2-557546345	S2	0.226854
S1-351353929	S3-134781474	S3	0.218463
S1-351353929	S3-718615101	S3	0.211797
S1-351353929	S3-239635905	S3	0.208756
S1-351353929	S3-418158541	S3	0.191572
S1-351353929	S3-923885551	S3	0.187470
S1-351353929	S3-894427986	S3	0.186297
S1-351353929	S3-317815955	S3	0.186133
S1-351353929	S3-444193170	S3	0.185502
S1-976000662	S3-46243305	S3	0.805450
S1-976000662	S3-35991022	S3	0.614232
S1-976000662	S3-744222907	S3	0.607683
S1-976000662	S2-124176757	S2	0.603231
S1-976000662	S3-855880459	S3	0.601412
S1-976000662	S2-132899220	S2	0.600000
S1-976000662	S2-392774882	S2	0.600000
S1-976000662	S2-427928984	S2	0.600000
S1-976000662	S2-525590042	S2	0.600000
S1-976000662	S2-637955261	S2	0.600000
S1-976000662	S2-684916791	S2	0.600000
S1-976000662	S2-697480872	S2	0.600000
S1-976000662	S2-701459909	S2	0.600000
S1-976000662	S2-929263080	S2	0.600000
S1-976000662	S2-942326570	S2	0.600000
S1-976000662	S3-133053249	S3	0.600000
S1-976000662	S3-2439828	S3	0.600000
S1-976000662	S3-290800468	S3	0.600000
S1-976000662	S3-371495860	S3	0.600000
S1-976000662	S3-567480050	S3	0.600000
S1-976000662	S3-580448831	S3	0.600000
S1-976000662	S3-632128817	S3	0.600000
S1-976000662	S3-644261549	S3	0.600000
S1-976000662	S3-676999464	S3	0.600000
S1-976000662	S3-698910440	S3	0.600000
S1-976000662	S3-75094948	S3	0.600000
S1-976000662	S3-752307019	S3	0.600000
S1-976000662	S3-765418739	S3	0.600000
S1-976000662	S3-775974356	S3	0.600000
S1-976000662	S3-786076266	S3	0.600000
S1-976000662	S3-80143016	S3	0.600000
S1-976000662	S3-823193806	S3	0.600000
S1-976000662	S3-834086220	S3	0.600000
S1-976000662	S3-841417360	S3	0.600000
S1-976000662	S3-91008990	S3	0.600000
S1-976000662	S3-928432259	S3	0.600000
S1-976000662	S3-931616123	S3	0.600000
S1-976000662	S3-947615132	S3	0.600000
S1-976000662	S3-949064617	S3	0.600000
S1-976000662	S3-974655007	S3	0.600000
S1-976000662	S2-375291196	S2	0.592097
S1-976000662	S2-694812432	S2	0.575512
S1-976000662	S3-758341617	S3	0.575337
S1-976000662	S2-18466822	S2	0.568170
S1-976000662	S2-337224910	S2	0.568170
S1-976000662	S2-858912498	S2	0.566017
S1-976000662	S2-969887971	S2	0.560087
S1-976000662	S3-265992307	S3	0.559042
S1-976000662	S3-983807444	S3	0.544514
S1-976000662	S3-933450927	S3	0.542714
S1-976000662	S2-161036312	S2	0.539620
S1-976000662	S2-684664516	S2	0.539620
S1-976000662	S2-690838377	S2	0.533945
S1-976000662	S3-835568721	S3	0.530952
S1-976000662	S3-810143209	S3	0.529989
S1-976000662	S3-413778443	S3	0.527996
S1-976000662	S3-633591273	S3	0.526269
S1-976000662	S2-177884332	S2	0.517943
S1-976000662	S2-667910235	S2	0.515760
S1-976000662	S2-598272067	S2	0.514982
S1-976000662	S2-387410580	S2	0.514792
S1-976000662	S3-656703492	S3	0.509166
S1-976000662	S3-502077271	S3	0.507544
S1-976000662	S2-504563096	S2	0.502496
S1-976000662	S2-839053452	S2	0.500875
S1-976000662	S3-169030799	S3	0.499270
S1-976000662	S3-501356452	S3	0.498090
S1-976000662	S3-208307667	S3	0.497754
S1-976000662	S3-452258753	S3	0.497339
S1-976000662	S2-590000147	S2	0.491134
S1-976000662	S3-86307172	S3	0.490512
S1-976000662	S3-811151701	S3	0.488900
S1-976000662	S2-321008244	S2	0.487557
S1-976000662	S3-488955310	S3	0.486862
S1-976000662	S3-499836208	S3	0.482293
S1-976000662	S3-35548685	S3	0.482039
S1-976000662	S3-378769439	S3	0.481349
S1-976000662	S2-932746711	S2	0.481346
S1-976000662	S3-95709216	S3	0.481201
S1-976000662	S2-156869863	S2	0.481048
S1-976000662	S2-542202232	S2	0.480373
S1-976000662	S2-909890325	S2	0.480363
S1-976000662	S2-626643804	S2	0.480051
S1-976000662	S2-769939508	S2	0.480051
S1-976000662	S3-48302676	S3	0.479584
S1-976000662	S3-684339537	S3	0.479584
S1-976000662	S2-111764576	S2	0.478607
S1-976000662	S2-442253438	S2	0.478607
S1-976000662	S2-575118541	S2	0.478607
S1-976000662	S2-840573772	S2	0.478607
S1-976000662	S2-230983525	S2	0.478461
S1-976000662	S2-768421052	S2	0.477295
S1-976000662	S2-234459969	S2	0.473274
S1-976000662	S2-996002929	S2	0.472983
S1-976000662	S2-872522368	S2	0.471828
S1-976000662	S2-331338035	S2	0.471700
S1-976000662	S2-395590740	S2	0.471700
S1-976000662	S2-815339847	S2	0.471700
S1-976000662	S2-981813139	S2	0.471700
S1-976000662	S3-224821395	S3	0.470494
S1-976000662	S2-575241091	S2	0.469393
S1-976000662	S2-861730361	S2	0.466255
S1-976000662	S2-927630026	S2	0.466255
S1-976000662	S2-552310861	S2	0.465553
S1-976000662	S2-853792217	S2	0.464577
S1-976000662	S2-482412351	S2	0.464482
S1-976000662	S2-443879935	S2	0.464159
S1-976000662	S2-816633379	S2	0.463156
S1-976000662	S3-166475460	S3	0.460164
S1-976000662	S2-460669526	S2	0.459893
S1-976000662	S2-225218827	S2	0.459165
S1-976000662	S2-850472747	S2	0.457140
S1-976000662	S2-967323281	S2	0.455761
S1-976000662	S3-540719610	S3	0.440294
S1-976000662	S2-309476106	S2	0.424981
S1-976000662	S2-767902944	S2	0.421930
S1-976000662	S3-641067316	S3	0.415215
S1-976000662	S3-89336708	S3	0.410600
S1-976000662	S3-829665181	S3	0.409216
S1-976000662	S3-620333623	S3	0.372843
S1-976000662	S3-360582748	S3	0.345622
S1-976000662	S2-57449297	S2	0.345301
S1-976000662	S2-798586665	S2	0.316353
S1-976000662	S3-462356591	S3	0.315906
S1-976000662	S2-130809798	S2	0.300681
S1-976000662	S2-38662472	S2	0.299756
S1-976000662	S2-146480830	S2	0.289779
S1-976000662	S2-674544637	S2	0.281372
S1-976000662	S2-976057330	S2	0.270493
S1-976000662	S2-318082511	S2	0.269991
S1-976000662	S2-64979729	S2	0.262187
S1-976000662	S2-773288634	S2	0.255464
S1-976000662	S3-359897540	S3	0.246267
S1-976000662	S3-900211840	S3	0.241137
S1-976000662	S3-691536582	S3	0.239759
S1-976000662	S3-176909542	S3	0.238948
S1-976000662	S3-211791284	S3	0.228764
S1-976000662	S3-681306482	S3	0.228764
S1-976000662	S3-708256572	S3	0.226104
S1-976000662	S2-96255265	S2	0.225881
S1-976000662	S3-583290662	S3	0.225390
S1-976000662	S2-385835997	S2	0.224441
S1-976000662	S3-290077509	S3	0.224006
S1-976000662	S3-839942030	S3	0.223079
S1-976000662	S3-339573392	S3	0.220961
S1-976000662	S2-424114758	S2	0.218851
S1-976000662	S3-157271276	S3	0.216514
S1-976000662	S3-371601105	S3	0.216117
S1-976000662	S2-958142278	S2	0.215757
S1-976000662	S2-997510245	S2	0.215217
S1-243049212	S2-681072882	S2	0.734365
S1-243049212	S3-99145676	S3	0.730168
S1-243049212	S3-543586567	S3	0.707103
S1-243049212	S2-870031683	S2	0.543884
S1-243049212	S3-344025062	S3	0.532651
S1-243049212	S3-270810687	S3	0.529938
S1-243049212	S2-882869518	S2	0.528296
S1-243049212	S3-832244431	S3	0.528281
S1-243049212	S2-118904290	S2	0.527056
S1-243049212	S3-424748805	S3	0.526465
S1-243049212	S3-31541751	S3	0.526146
S1-243049212	S3-55258968	S3	0.526146
S1-243049212	S3-650390507	S3	0.526146
S1-243049212	S3-452929921	S3	0.524391
S1-243049212	S2-491635090	S2	0.516187
S1-243049212	S2-757576305	S2	0.515178
S1-243049212	S3-546039093	S3	0.514411
S1-243049212	S2-776615411	S2	0.512979
S1-243049212	S2-918541379	S2	0.509742
S1-243049212	S2-192607178	S2	0.508336
S1-243049212	S2-198958904	S2	0.508336
S1-243049212	S2-442783335	S2	0.508336
S1-243049212	S2-623520248	S2	0.508336
S1-243049212	S2-661821460	S2	0.508336
S1-243049212	S2-180800356	S2	0.507841
S1-243049212	S2-375606700	S2	0.507841
S1-243049212	S2-458374314	S2	0.507841
S1-243049212	S2-518760855	S2	0.507841
S1-243049212	S2-534249927	S2	0.507841
S1-243049212	S2-815445317	S2	0.507841
S1-243049212	S2-939285584	S2	0.507841
S1-243049212	S2-97558119	S2	0.507841
S1-243049212	S2-987663773	S2	0.507841
S1-243049212	S3-732884706	S3	0.507712
S1-243049212	S3-329348885	S3	0.507414
S1-243049212	S2-152012807	S2	0.506113
S1-243049212	S2-272936866	S2	0.505777
S1-243049212	S3-228291964	S3	0.505725
S1-243049212	S3-235056493	S3	0.505725
S1-243049212	S3-399999329	S3	0.505725
S1-243049212	S3-409835221	S3	0.505725
S1-243049212	S3-459449033	S3	0.505725
S1-243049212	S3-61581959	S3	0.505725
S1-243049212	S3-74292066	S3	0.505725
S1-243049212	S3-743951804	S3	0.505725
S1-243049212	S3-889362051	S3	0.505725
S1-243049212	S3-957309484	S3	0.505725
S1-243049212	S3-968334887	S3	0.505725
S1-243049212	S3-971334097	S3	0.505725
S1-243049212	S2-576347929	S2	0.505703
S1-243049212	S3-424349877	S3	0.505683
S1-243049212	S3-681589139	S3	0.505683
S1-243049212	S3-95968292	S3	0.505683
S1-243049212	S3-327850855	S3	0.503909
S1-243049212	S3-397096846	S3	0.503909
S1-243049212	S3-42131944	S3	0.503909
S1-243049212	S3-762489111	S3	0.503909
S1-243049212	S3-283898005	S3	0.503857
S1-243049212	S3-336378264	S3	0.503857
S1-243049212	S3-419977871	S3	0.503857
S1-243049212	S3-427001955	S3	0.503857
S1-243049212	S3-614026725	S3	0.503857
S1-243049212	S3-750495216	S3	0.503857
S1-243049212	S2-588429067	S2	0.503800
S1-243049212	S3-516388618	S3	0.503569
S1-243049212	S2-144998494	S2	0.502819
S1-243049212	S2-163648842	S2	0.502819
S1-243049212	S2-624777188	S2	0.502819
S1-243049212	S2-985634418	S2	0.502819
S1-243049212	S3-525007520	S3	0.502534
S1-243049212	S2-556713586	S2	0.494030
S1-243049212	S3-422686435	S3	0.493535
S1-243049212	S2-196075075	S2	0.491837
S1-243049212	S3-265598051	S3	0.489173
S1-243049212	S2-659166364	S2	0.487448
S1-243049212	S2-503850131	S2	0.487390
S1-243049212	S3-916596992	S3	0.487293
S1-243049212	S2-107350699	S2	0.487079
S1-243049212	S3-249507896	S3	0.486652
S1-243049212	S3-771420776	S3	0.486652
S1-243049212	S2-176725099	S2	0.486516
S1-243049212	S2-215495011	S2	0.485512
S1-243049212	S2-542202254	S2	0.485512
S1-243049212	S2-986543343	S2	0.485512
S1-243049212	S3-362477394	S3	0.484536
S1-243049212	S3-385617802	S3	0.484536
S1-243049212	S3-535311948	S3	0.484536
S1-243049212	S3-591103642	S3	0.484536
S1-243049212	S3-71661382	S3	0.484536
S1-243049212	S2-995576425	S2	0.484277
S1-243049212	S2-289786694	S2	0.481275
S1-243049212	S2-789751885	S2	0.481275
S1-243049212	S2-251923970	S2	0.480634
S1-243049212	S2-333347311	S2	0.480263
S1-243049212	S2-443922453	S2	0.480263
S1-243049212	S2-811105315	S2	0.480263
S1-243049212	S2-895986281	S2	0.473330
S1-243049212	S2-658583091	S2	0.472393
S1-243049212	S2-81496183	S2	0.472393
S1-243049212	S2-250235932	S2	0.471076
S1-243049212	S2-558959565	S2	0.471076
S1-243049212	S2-85431867	S2	0.471076
S1-243049212	S3-105314380	S3	0.324722
S1-243049212	S3-570230779	S3	0.322099
S1-243049212	S3-684209157	S3	0.262854
S1-243049212	S3-511714318	S3	0.255787
S1-243049212	S3-822525844	S3	0.255691
S1-243049212	S2-805668775	S2	0.250000
S1-243049212	S2-946971307	S2	0.250000
S1-243049212	S3-225297014	S3	0.249519
S1-243049212	S2-307951730	S2	0.247485
S1-243049212	S2-914508098	S2	0.246170
S1-243049212	S3-482091463	S3	0.244363
S1-243049212	S3-737614543	S3	0.244121
S1-243049212	S2-502509218	S2	0.240915
S1-243049212	S2-937792441	S2	0.240915
S1-243049212	S3-758529695	S3	0.239107
S1-243049212	S3-774712114	S3	0.232644
S1-243049212	S3-121140063	S3	0.230662
S1-243049212	S3-732429818	S3	0.229267
S1-243049212	S3-411282800	S3	0.227603
S1-243049212	S2-628085518	S2	0.227426
S1-243049212	S3-103987467	S3	0.225536
S1-243049212	S2-657109353	S2	0.224216
S1-243049212	S3-188355647	S3	0.223923
S1-243049212	S2-854584330	S2	0.223149
S1-243049212	S2-999678107	S2	0.220844
S1-243049212	S2-3892844	S2	0.220122
S1-243049212	S3-457234730	S3	0.219353
S1-243049212	S3-351436931	S3	0.218755
S1-243049212	S3-253990636	S3	0.218527
S1-243049212	S3-623257267	S3	0.218187
S1-243049212	S2-278714428	S2	0.218116
S1-243049212	S2-301056473	S2	0.218116
S1-243049212	S3-828340197	S3	0.218087
S1-243049212	S2-57843405	S2	0.217522
S1-243049212	S3-68119179	S3	0.217452
S1-243049212	S2-49265109	S2	0.217324
S1-243049212	S2-512618046	S2	0.216546
S1-243049212	S3-110988079	S3	0.216472
S1-243049212	S2-99597609	S2	0.216174
S1-243049212	S2-351661829	S2	0.215929
S1-243049212	S2-930691856	S2	0.215781
S1-243049212	S3-819761716	S3	0.215564
S1-243049212	S3-611004598	S3	0.214519
S1-243049212	S2-531709323	S2	0.214390
S1-243049212	S2-82468884	S2	0.214045
S1-243049212	S2-31721430	S2	0.212524
S1-243049212	S3-309349631	S3	0.212244
S1-243049212	S3-933926168	S3	0.211747
S1-773466497	S2-24811954	S2	0.865953
S1-773466497	S2-958925260	S2	0.841789
S1-773466497	S2-755574114	S2	0.661671
S1-773466497	S3-16969801	S3	0.658401
S1-773466497	S2-309603338	S2	0.600000
S1-773466497	S2-644178734	S2	0.600000
S1-773466497	S2-732706750	S2	0.600000
S1-773466497	S2-800112404	S2	0.600000
S1-773466497	S3-138315366	S3	0.600000
S1-773466497	S3-40768163	S3	0.600000
S1-773466497	S3-859079984	S3	0.600000
S1-773466497	S3-934353807	S3	0.600000
S1-773466497	S2-240368460	S2	0.510409
S1-773466497	S2-547347704	S2	0.501847
S1-773466497	S2-219486726	S2	0.492074
S1-773466497	S3-635400634	S3	0.484709
S1-773466497	S3-220065486	S3	0.480612
S1-773466497	S3-759567795	S3	0.480612
S1-773466497	S3-797243540	S3	0.480612
S1-773466497	S3-606372341	S3	0.470082
S1-773466497	S2-302673016	S2	0.465707
S1-773466497	S3-294999749	S3	0.463901
S1-773466497	S3-825380686	S3	0.450375
S1-773466497	S3-764272172	S3	0.447457
S1-773466497	S2-346919957	S2	0.447286
S1-773466497	S3-219255968	S3	0.444643
S1-773466497	S2-493272112	S2	0.444186
S1-773466497	S3-302887237	S3	0.441836
S1-773466497	S3-962420860	S3	0.436749
S1-773466497	S3-278955846	S3	0.436490
S1-773466497	S2-724435859	S2	0.430891
S1-773466497	S2-195320721	S2	0.426569
S1-773466497	S2-202941348	S2	0.426309
S1-773466497	S2-841371097	S2	0.424557
S1-773466497	S3-605968385	S3	0.423897
S1-773466497	S3-210180137	S3	0.421735
S1-773466497	S3-59095930	S3	0.418131
S1-773466497	S2-480346275	S2	0.415648
S1-773466497	S3-32795344	S3	0.415612
S1-773466497	S3-367273231	S3	0.415612
S1-773466497	S3-654185627	S3	0.414532
S1-773466497	S3-495075147	S3	0.414387
S1-773466497	S3-909221890	S3	0.414300
S1-773466497	S3-715675161	S3	0.414226
S1-773466497	S2-897893177	S2	0.414067
S1-773466497	S2-614966401	S2	0.414057
S1-773466497	S2-597950556	S2	0.412300
S1-773466497	S3-739851642	S3	0.412081
S1-773466497	S3-140920339	S3	0.412062
S1-773466497	S2-821685193	S2	0.411476
S1-773466497	S2-970800246	S2	0.410525
S1-773466497	S2-886630729	S2	0.409738
S1-773466497	S2-103497895	S2	0.408949
S1-773466497	S2-591733465	S2	0.408563
S1-773466497	S3-849399304	S3	0.407955
S1-773466497	S3-891171197	S3	0.407577
S1-773466497	S2-703337159	S2	0.406706
S1-773466497	S3-398246070	S3	0.406259
S1-773466497	S2-578294134	S2	0.406253
S1-773466497	S2-485700418	S2	0.405844
S1-773466497	S2-46665378	S2	0.405669
S1-773466497	S3-294361732	S3	0.405037
S1-773466497	S3-101094913	S3	0.404018
S1-773466497	S3-762582966	S3	0.403906
S1-773466497	S3-745640361	S3	0.403707
S1-773466497	S2-762375715	S2	0.403350
S1-773466497	S2-24667806	S2	0.403007
S1-773466497	S2-925831883	S2	0.402221
S1-773466497	S2-923340178	S2	0.401431
S1-773466497	S3-588745927	S3	0.401115
S1-773466497	S2-488625203	S2	0.400763
S1-773466497	S3-884151726	S3	0.400239
S1-773466497	S3-376789464	S3	0.399972
S1-773466497	S2-695323883	S2	0.398731
S1-773466497	S3-562375925	S3	0.397855
S1-773466497	S2-664969876	S2	0.397853
S1-773466497	S3-204884442	S3	0.397328
S1-773466497	S3-715186691	S3	0.396372
S1-773466497	S2-82350037	S2	0.396244
S1-773466497	S2-343804005	S2	0.396122
S1-773466497	S2-224223454	S2	0.395101
S1-773466497	S3-578147848	S3	0.394765
S1-773466497	S3-470452072	S3	0.394514
S1-773466497	S3-886098079	S3	0.394268
S1-773466497	S3-68386020	S3	0.393149
S1-773466497	S3-314655091	S3	0.393137
S1-773466497	S3-75266151	S3	0.392794
S1-773466497	S2-475785896	S2	0.392725
S1-773466497	S3-536263939	S3	0.392706
S1-773466497	S3-668558560	S3	0.392706
S1-773466497	S2-161850467	S2	0.391956
S1-773466497	S3-195701546	S3	0.391815
S1-773466497	S2-43301601	S2	0.391413
S1-773466497	S3-330161715	S3	0.390394
S1-773466497	S3-963105076	S3	0.390394
S1-773466497	S3-972424066	S3	0.390394
S1-773466497	S2-938330963	S2	0.390373
S1-773466497	S3-511445035	S3	0.390255
S1-773466497	S2-560390780	S2	0.389991
S1-773466497	S2-795091919	S2	0.389885
S1-773466497	S2-167086973	S2	0.389705
S1-773466497	S2-522511315	S2	0.388856
S1-773466497	S2-940119977	S2	0.388715
S1-773466497	S2-545341804	S2	0.388260
S1-773466497	S2-440097814	S2	0.388209
S1-773466497	S2-89241714	S2	0.387725
S1-773466497	S3-428115442	S3	0.378100
S1-773466497	S3-536119772	S3	0.347329
S1-773466497	S2-384174001	S2	0.231681
S1-773466497	S2-205210413	S2	0.228449
S1-773466497	S2-286097083	S2	0.225974
S1-773466497	S2-451937342	S2	0.196505
S1-773466497	S2-478444865	S2	0.196505
S1-773466497	S2-580451586	S2	0.196505
S1-773466497	S2-633316259	S2	0.196505
S1-773466497	S2-66485090	S2	0.196505
S1-773466497	S2-817577329	S2	0.196505
S1-773466497	S2-97751550	S2	0.196505
S1-773466497	S3-9157895	S3	0.192146
S1-773466497	S2-259366130	S2	0.192111
S1-773466497	S2-684074181	S2	0.192111
S1-773466497	S2-955116236	S2	0.188143
S1-773466497	S3-149120904	S3	0.182852
S1-773466497	S3-510099523	S3	0.181936
S1-773466497	S3-659644110	S3	0.180821
S1-773466497	S3-523814359	S3	0.179771
S1-773466497	S2-288131209	S2	0.179750
S1-773466497	S2-140033567	S2	0.178104
S1-773466497	S3-85219341	S3	0.175572
S1-773466497	S2-20315036	S2	0.174880
S1-773466497	S2-877256417	S2	0.174249
S1-773466497	S2-423944799	S2	0.173663
S1-773466497	S2-888892077	S2	0.170230
S1-773466497	S2-480995267	S2	0.168569
S1-773466497	S2-849623717	S2	0.168450
S1-773466497	S2-468587090	S2	0.166646
S1-773466497	S2-868392333	S2	0.166554
S1-773466497	S2-445895287	S2	0.164317
S1-773466497	S2-514336563	S2	0.164285
S1-773466497	S3-427388566	S3	0.163719
S1-773466497	S3-11130380	S3	0.161616
S1-773466497	S2-524270424	S2	0.161423
S1-773466497	S3-651248262	S3	0.149590
S1-773466497	S3-601320976	S3	0.149092
S1-773466497	S3-963290978	S3	0.149092
S1-773466497	S3-637922102	S3	0.148761
S1-773466497	S3-666201036	S3	0.148649
S1-773466497	S3-930621726	S3	0.143010
S1-773466497	S3-57145407	S3	0.140657
S1-773466497	S3-643569643	S3	0.135392
S1-89839880	S3-989971891	S3	0.616014
S1-89839880	S2-123006969	S2	0.600000
S1-89839880	S2-158711682	S2	0.600000
S1-89839880	S2-165290762	S2	0.600000
S1-89839880	S2-186605762	S2	0.600000
S1-89839880	S2-252417911	S2	0.600000
S1-89839880	S2-396322482	S2	0.600000
S1-89839880	S2-420093233	S2	0.600000
S1-89839880	S2-531521792	S2	0.600000
S1-89839880	S2-540908081	S2	0.600000
S1-89839880	S2-577698777	S2	0.600000
S1-89839880	S2-604251876	S2	0.600000
S1-89839880	S2-615743858	S2	0.600000
S1-89839880	S2-67966700	S2	0.600000
S1-89839880	S2-699474496	S2	0.600000
S1-89839880	S2-722050175	S2	0.600000
S1-89839880	S2-814531915	S2	0.600000
S1-89839880	S2-875686257	S2	0.600000
S1-89839880	S2-915515698	S2	0.600000
S1-89839880	S2-934698757	S2	0.600000
S1-89839880	S2-977338413	S2	0.600000
S1-89839880	S3-139748810	S3	0.600000
S1-89839880	S3-139806596	S3	0.600000
S1-89839880	S3-192067970	S3	0.600000
S1-89839880	S3-223937933	S3	0.600000
S1-89839880	S3-237826520	S3	0.600000
S1-89839880	S3-260938244	S3	0.600000
S1-89839880	S3-275964380	S3	0.600000
S1-89839880	S3-285510250	S3	0.600000
S1-89839880	S3-298823000	S3	0.600000
S1-89839880	S3-338500141	S3	0.600000
S1-89839880	S3-381048151	S3	0.600000
S1-89839880	S3-403809182	S3	0.600000
S1-89839880	S3-427062783	S3	0.600000
S1-89839880	S3-434774087	S3	0.600000
S1-89839880	S3-436202449	S3	0.600000
S1-89839880	S3-445893678	S3	0.600000
S1-89839880	S3-458364750	S3	0.600000
S1-89839880	S3-468571921	S3	0.600000
S1-89839880	S3-474612195	S3	0.600000
S1-89839880	S3-580568603	S3	0.600000
S1-89839880	S3-605783607	S3	0.600000
S1-89839880	S3-690083243	S3	0.600000
S1-89839880	S3-702994363	S3	0.600000
S1-89839880	S3-705272968	S3	0.600000
S1-89839880	S3-786423630	S3	0.600000
S1-89839880	S3-793428700	S3	0.600000
S1-89839880	S3-800887881	S3	0.600000
S1-89839880	S3-806244874	S3	0.600000
S1-89839880	S3-810445728	S3	0.600000
S1-89839880	S3-820118456	S3	0.600000
S1-89839880	S3-820411068	S3	0.600000
S1-89839880	S3-870891734	S3	0.600000
S1-89839880	S3-885815683	S3	0.600000
S1-89839880	S3-887147736	S3	0.600000
S1-89839880	S3-942208557	S3	0.600000
S1-89839880	S3-965601079	S3	0.600000
S1-89839880	S3-970747073	S3	0.600000
S1-89839880	S2-177013940	S2	0.573356
S1-89839880	S3-655853827	S3	0.525222
S1-89839880	S2-586892498	S2	0.523330
S1-89839880	S3-668190571	S3	0.516552
S1-89839880	S2-763415055	S2	0.515231
S1-89839880	S3-817449881	S3	0.502779
S1-89839880	S2-828984934	S2	0.501143
S1-89839880	S2-986810918	S2	0.495067
S1-89839880	S2-513167604	S2	0.493843
S1-89839880	S3-250757356	S3	0.489087
S1-89839880	S3-423805039	S3	0.481129
S1-89839880	S2-479732435	S2	0.479217
S1-89839880	S2-199723130	S2	0.474820
S1-89839880	S2-330829077	S2	0.474171
S1-89839880	S3-176370151	S3	0.471993
S1-89839880	S3-201806213	S3	0.471993
S1-89839880	S3-957902169	S3	0.471993
S1-89839880	S2-161353556	S2	0.471434
S1-89839880	S3-823576753	S3	0.469787
S1-89839880	S2-591564367	S2	0.469710
S1-89839880	S3-14123618	S3	0.469050
S1-89839880	S3-742786564	S3	0.468524
S1-89839880	S3-897077612	S3	0.468524
S1-89839880	S2-944995509	S2	0.463024
S1-89839880	S2-990590447	S2	0.459624
S1-89839880	S2-312580789	S2	0.457053
S1-89839880	S2-116036486	S2	0.456563
S1-89839880	S2-125612429	S2	0.451899
S1-89839880	S2-536435812	S2	0.448493
S1-89839880	S2-773214403	S2	0.445720
S1-89839880	S2-33571134	S2	0.445274
S1-89839880	S2-678623924	S2	0.443615
S1-89839880	S2-262539854	S2	0.443240
S1-89839880	S2-422855767	S2	0.442344
S1-89839880	S2-798298713	S2	0.441495
S1-89839880	S2-598086314	S2	0.441293
S1-89839880	S2-71463325	S2	0.439053
S1-89839880	S2-317110287	S2	0.436607
S1-89839880	S2-473769404	S2	0.435827
S1-89839880	S2-490796970	S2	0.435827
S1-89839880	S2-879742884	S2	0.435827
S1-89839880	S2-896507598	S2	0.435827
S1-89839880	S2-191918647	S2	0.433570
S1-89839880	S2-836642574	S2	0.433570
S1-89839880	S2-985126484	S2	0.341113
S1-89839880	S3-404287478	S3	0.337935
S1-89839880	S2-921537394	S2	0.317981
S1-89839880	S3-356024550	S3	0.307224
S1-89839880	S3-685203481	S3	0.300025
S1-89839880	S3-448034199	S3	0.240680
S1-89839880	S2-592105669	S2	0.228218
S1-89839880	S2-828393889	S2	0.228218
S1-89839880	S3-215613837	S3	0.223111
S1-89839880	S3-247974643	S3	0.223023
S1-89839880	S3-502456815	S3	0.221665
S1-89839880	S3-561214853	S3	0.217313
S1-89839880	S2-170462566	S2	0.213002
S1-89839880	S2-86395430	S2	0.211818
S1-89839880	S2-153454731	S2	0.202880
S1-89839880	S2-435266408	S2	0.202880
S1-89839880	S2-459275977	S2	0.202880
S1-89839880	S2-57338159	S2	0.202880
S1-89839880	S2-914009160	S2	0.201858
S1-89839880	S2-691581173	S2	0.201323
S1-89839880	S3-406608964	S3	0.201179
S1-89839880	S3-993821301	S3	0.200169
S1-89839880	S3-186029989	S3	0.197509
S1-89839880	S2-534708087	S2	0.196508
S1-89839880	S3-359051220	S3	0.194169
S1-89839880	S3-885922030	S3	0.193430
S1-89839880	S2-498124672	S2	0.193222
S1-89839880	S3-942674484	S3	0.190390
S1-89839880	S2-963304037	S2	0.190131
S1-89839880	S2-262179708	S2	0.189078
S1-89839880	S3-246979037	S3	0.187359
S1-89839880	S3-339518904	S3	0.186678
S1-89839880	S3-629218741	S3	0.184182
S1-89839880	S2-728463033	S2	0.184148
S1-89839880	S2-689229716	S2	0.182677
S1-89839880	S3-959537797	S3	0.180803
S1-89839880	S3-576009183	S3	0.179600
S1-89839880	S3-461463917	S3	0.179274
S1-89839880	S3-441012813	S3	0.178441
S1-89839880	S3-141260150	S3	0.175581
S1-89839880	S3-192823992	S3	0.175581
S1-89839880	S3-746501677	S3	0.173783
S1-89839880	S3-684551836	S3	0.173262
S1-89839880	S3-609378412	S3	0.173191
S1-89839880	S2-508406389	S2	0.171163
S1-89839880	S2-699713753	S2	0.170833
S1-89839880	S3-916659908	S3	0.169979
S1-89839880	S2-727142758	S2	0.169525
S1-704999775	S3-801147727	S3	0.964208
S1-704999775	S2-393318928	S2	0.607485
S1-704999775	S3-785646567	S3	0.603577
S1-704999775	S2-129962544	S2	0.600000
S1-704999775	S2-188936022	S2	0.600000
S1-704999775	S2-243790964	S2	0.600000
S1-704999775	S2-312320348	S2	0.600000
S1-704999775	S2-383027754	S2	0.600000
S1-704999775	S2-473592999	S2	0.600000
S1-704999775	S2-504681792	S2	0.600000
S1-704999775	S2-587659113	S2	0.600000
S1-704999775	S2-695488570	S2	0.600000
S1-704999775	S2-727824231	S2	0.600000
S1-704999775	S2-746384563	S2	0.600000
S1-704999775	S2-807105732	S2	0.600000
S1-704999775	S2-884748023	S2	0.600000
S1-704999775	S3-177589022	S3	0.600000
S1-704999775	S3-228454518	S3	0.600000
S1-704999775	S3-268755705	S3	0.600000
S1-704999775	S3-336339876	S3	0.600000
S1-704999775	S3-355476685	S3	0.600000
S1-704999775	S3-364018868	S3	0.600000
S1-704999775	S3-375747568	S3	0.600000
S1-704999775	S3-376314706	S3	0.600000
S1-704999775	S3-400862911	S3	0.600000
S1-704999775	S3-434643035	S3	0.600000
S1-704999775	S3-454224815	S3	0.600000
S1-704999775	S3-460020528	S3	0.600000
S1-704999775	S3-539132259	S3	0.600000
S1-704999775	S3-549758859	S3	0.600000
S1-704999775	S3-557713464	S3	0.600000
S1-704999775	S3-587060933	S3	0.600000
S1-704999775	S3-58976007	S3	0.600000
S1-704999775	S3-612094609	S3	0.600000
S1-704999775	S3-618285500	S3	0.600000
S1-704999775	S3-668937687	S3	0.600000
S1-704999775	S3-716677458	S3	0.600000
S1-704999775	S3-719117079	S3	0.600000
S1-704999775	S3-737808536	S3	0.600000
S1-704999775	S3-783510954	S3	0.600000
S1-704999775	S3-813210548	S3	0.600000
S1-704999775	S3-815250140	S3	0.600000
S1-704999775	S3-848856404	S3	0.600000
S1-704999775	S3-953633580	S3	0.600000
S1-704999775	S3-95690529	S3	0.600000
S1-704999775	S3-960987898	S3	0.600000
S1-704999775	S3-985601346	S3	0.600000
S1-704999775	S3-99492428	S3	0.600000
S1-704999775	S3-937960864	S3	0.578904
S1-704999775	S2-923097778	S2	0.573921
S1-704999775	S2-205841962	S2	0.571381
S1-704999775	S3-250009605	S3	0.570266
S1-704999775	S2-506990221	S2	0.567835
S1-704999775	S3-249020052	S3	0.564428
S1-704999775	S2-941459229	S2	0.560350
S1-704999775	S3-331069507	S3	0.559164
S1-704999775	S2-591065659	S2	0.558144
S1-704999775	S2-634785982	S2	0.558144
S1-704999775	S2-424776933	S2	0.553526
S1-704999775	S2-532289861	S2	0.545707
S1-704999775	S3-11082824	S3	0.543991
S1-704999775	S3-665424910	S3	0.543991
S1-704999775	S3-268056504	S3	0.542318
S1-704999775	S3-540248095	S3	0.541899
S1-704999775	S2-392612474	S2	0.541766
S1-704999775	S3-537253453	S3	0.540790
S1-704999775	S2-92251439	S2	0.539847
S1-704999775	S3-603574057	S3	0.539386
S1-704999775	S2-4646468	S2	0.534840
S1-704999775	S3-89208002	S3	0.532473
S1-704999775	S2-790571313	S2	0.528997
S1-704999775	S2-138304453	S2	0.528946
S1-704999775	S2-186439730	S2	0.528946
S1-704999775	S2-264678780	S2	0.528946
S1-704999775	S2-364175785	S2	0.528946
S1-704999775	S2-517014341	S2	0.528946
S1-704999775	S2-590561689	S2	0.528946
S1-704999775	S2-663441992	S2	0.528946
S1-704999775	S2-676478026	S2	0.528946
S1-704999775	S2-702300807	S2	0.528946
S1-704999775	S3-298902278	S3	0.526981
S1-704999775	S3-783772777	S3	0.526981
S1-704999775	S3-799772374	S3	0.526981
S1-704999775	S3-888330169	S3	0.526981
S1-704999775	S3-936648174	S3	0.526981
S1-704999775	S3-944738001	S3	0.526981
S1-704999775	S2-22735276	S2	0.522258
S1-704999775	S2-122938745	S2	0.521811
S1-704999775	S2-187116631	S2	0.519093
S1-704999775	S2-476348329	S2	0.512051
S1-704999775	S2-337219331	S2	0.506576
S1-704999775	S2-733652104	S2	0.506576
S1-704999775	S2-83298080	S2	0.505657
S1-704999775	S2-774334826	S2	0.503405
S1-704999775	S2-15579057	S2	0.500104
S1-704999775	S2-903290283	S2	0.499734
S1-704999775	S2-4894945	S2	0.496916
S1-704999775	S2-611147631	S2	0.495089
S1-704999775	S2-860955807	S2	0.495089
S1-704999775	S2-400653643	S2	0.485612
S1-704999775	S2-508913943	S2	0.485612
S1-704999775	S3-202067519	S3	0.456666
S1-704999775	S2-880278077	S2	0.412494
S1-704999775	S3-943458596	S3	0.327407
S1-704999775	S3-976534925	S3	0.310250
S1-704999775	S3-25654034	S3	0.308075
S1-704999775	S3-203815965	S3	0.291711
S1-704999775	S2-380258629	S2	0.291183
S1-704999775	S3-878111130	S3	0.285534
S1-704999775	S3-535575495	S3	0.284432
S1-704999775	S3-730043286	S3	0.281067
S1-704999775	S3-544761982	S3	0.279179
S1-704999775	S3-367030417	S3	0.278592
S1-704999775	S3-58559388	S3	0.274778
S1-704999775	S3-380875188	S3	0.273828
S1-704999775	S2-107217870	S2	0.272592
S1-704999775	S2-152667817	S2	0.272592
S1-704999775	S2-17405793	S2	0.272592
S1-704999775	S2-206742852	S2	0.272592
S1-704999775	S2-207762506	S2	0.272592
S1-704999775	S2-247373470	S2	0.272592
S1-704999775	S2-269707650	S2	0.272592
S1-704999775	S2-31348789	S2	0.272592
S1-704999775	S2-366281222	S2	0.272592
S1-704999775	S2-376835388	S2	0.272592
S1-704999775	S2-41921071	S2	0.272592
S1-704999775	S2-492777480	S2	0.272592
S1-704999775	S2-51833339	S2	0.272592
S1-704999775	S2-536595521	S2	0.272592
S1-704999775	S2-537126239	S2	0.272592
S1-704999775	S2-54945073	S2	0.272592
S1-704999775	S2-562965919	S2	0.272592
S1-704999775	S2-564069649	S2	0.272592
S1-704999775	S2-586581588	S2	0.272592
S1-704999775	S2-660047049	S2	0.272592
S1-704999775	S2-682307560	S2	0.272592
S1-704999775	S2-704665416	S2	0.272592
S1-704999775	S2-733646946	S2	0.272592
S1-704999775	S2-772784560	S2	0.272592
S1-704999775	S2-857904243	S2	0.272592
S1-704999775	S2-919767302	S2	0.272592
S1-704999775	S2-942546845	S2	0.272592
S1-704999775	S2-954739938	S2	0.272592
S1-704999775	S3-968809352	S3	0.270079
S1-704999775	S3-434281130	S3	0.267093
S1-704999775	S3-203998249	S3	0.266122
S1-704999775	S3-464456988	S3	0.263602
S1-704999775	S3-420624267	S3	0.263323
S1-704999775	S3-839096317	S3	0.260045
S1-704999775	S3-983648931	S3	0.260045
S1-632875267	S2-521191118	S2	0.815238
S1-632875267	S3-844427746	S3	0.688707
S1-632875267	S3-838928780	S3	0.586490
S1-632875267	S2-643264775	S2	0.566417
S1-632875267	S3-674327399	S3	0.546557
S1-632875267	S3-601418758	S3	0.509720
S1-632875267	S2-98966975	S2	0.496847
S1-632875267	S3-249832530	S3	0.480020
S1-632875267	S3-839358389	S3	0.479510
S1-632875267	S3-343341660	S3	0.463180
S1-632875267	S3-38764204	S3	0.462445
S1-632875267	S3-542323382	S3	0.462445
S1-632875267	S3-779431365	S3	0.462445
S1-632875267	S3-261959851	S3	0.450904
S1-632875267	S2-257821499	S2	0.449988
S1-632875267	S3-2268397	S3	0.438273
S1-632875267	S3-845194620	S3	0.435407
S1-632875267	S3-514271560	S3	0.433888
S1-632875267	S3-49205914	S3	0.427531
S1-632875267	S2-504871529	S2	0.425286
S1-632875267	S2-219033117	S2	0.425056
S1-632875267	S3-732657495	S3	0.418304
S1-632875267	S3-125467704	S3	0.417530
S1-632875267	S3-190441805	S3	0.417177
S1-632875267	S3-976044922	S3	0.415832
S1-632875267	S3-67035158	S3	0.414092
S1-632875267	S2-242890129	S2	0.410473
S1-632875267	S2-511099496	S2	0.410473
S1-632875267	S2-948595978	S2	0.410473
S1-632875267	S3-700636493	S3	0.410157
S1-632875267	S3-811971133	S3	0.409611
S1-632875267	S3-391019806	S3	0.404154
S1-632875267	S2-236901889	S2	0.403569
S1-632875267	S3-153100405	S3	0.403503
S1-632875267	S2-369226853	S2	0.400884
S1-632875267	S2-325562495	S2	0.398367
S1-632875267	S3-10008502	S3	0.397525
S1-632875267	S3-652372946	S3	0.396677
S1-632875267	S3-353047312	S3	0.395983
S1-632875267	S3-749248729	S3	0.393856
S1-632875267	S2-97421329	S2	0.392861
S1-632875267	S2-29685687	S2	0.390424
S1-632875267	S3-811298329	S3	0.390076
S1-632875267	S2-365174872	S2	0.388936
S1-632875267	S3-964774635	S3	0.388270
S1-632875267	S2-690205551	S2	0.388181
S1-632875267	S2-18486328	S2	0.387517
S1-632875267	S3-652347842	S3	0.385898
S1-632875267	S3-998740864	S3	0.385120
S1-632875267	S3-370438452	S3	0.383751
S1-632875267	S2-834968040	S2	0.383586
S1-632875267	S3-369268309	S3	0.383300
S1-632875267	S3-974349078	S3	0.381925
S1-632875267	S2-226879405	S2	0.381503
S1-632875267	S2-643065646	S2	0.381503
S1-632875267	S2-89773284	S2	0.381503
S1-632875267	S2-903203753	S2	0.381503
S1-632875267	S3-978780434	S3	0.381012
S1-632875267	S3-715501367	S3	0.379541
S1-632875267	S3-505297746	S3	0.379338
S1-632875267	S3-811291386	S3	0.379282
S1-632875267	S3-906991077	S3	0.379282
S1-632875267	S2-26645262	S2	0.378808
S1-632875267	S2-514901226	S2	0.378808
S1-632875267	S2-962614162	S2	0.378808
S1-632875267	S3-866779303	S3	0.377089
S1-632875267	S3-774968838	S3	0.376601
S1-632875267	S3-330089728	S3	0.376485
S1-632875267	S3-805037268	S3	0.375755
S1-632875267	S2-61511253	S2	0.375532
S1-632875267	S2-496419719	S2	0.372583
S1-632875267	S3-498224606	S3	0.371155
S1-632875267	S3-982574409	S3	0.371155
S1-632875267	S2-483643202	S2	0.371033
S1-632875267	S3-539000023	S3	0.369468
S1-632875267	S2-407802428	S2	0.367063
S1-632875267	S3-331942229	S3	0.366513
S1-632875267	S2-250986251	S2	0.365984
S1-632875267	S3-896133489	S3	0.365809
S1-632875267	S3-789328318	S3	0.365005
S1-632875267	S3-259057034	S3	0.364331
S1-632875267	S3-353655905	S3	0.363990
S1-632875267	S3-966769740	S3	0.363159
S1-632875267	S2-330136001	S2	0.362756
S1-632875267	S3-755034377	S3	0.361289
S1-632875267	S3-257373096	S3	0.361286
S1-632875267	S2-390828591	S2	0.360575
S1-632875267	S2-972291958	S2	0.359925
S1-632875267	S3-797079741	S3	0.359410
S1-632875267	S3-335460949	S3	0.359155
S1-632875267	S3-266535562	S3	0.359004
S1-632875267	S2-586055732	S2	0.357772
S1-632875267	S2-925143749	S2	0.356774
S1-632875267	S3-616489087	S3	0.356154
S1-632875267	S3-166076389	S3	0.355838
S1-632875267	S3-246296087	S3	0.355838
S1-632875267	S3-693503249	S3	0.355838
S1-632875267	S3-733093664	S3	0.355838
S1-632875267	S3-743316753	S3	0.355838
S1-632875267	S3-874942818	S3	0.355838
S1-632875267	S3-905109216	S3	0.355838
S1-632875267	S3-577711617	S3	0.355182
S1-632875267	S2-136048262	S2	0.353621
S1-632875267	S3-732428544	S3	0.352889
S1-632875267	S2-447182558	S2	0.348820
S1-632875267	S2-82055850	S2	0.348667
S1-632875267	S2-10271413	S2	0.347832
S1-632875267	S2-136953015	S2	0.344790
S1-632875267	S2-712148024	S2	0.344790
S1-632875267	S3-293615675	S3	0.342981
S1-632875267	S2-842124064	S2	0.342969
S1-632875267	S2-634761540	S2	0.342058
S1-632875267	S2-824384051	S2	0.342058
S1-632875267	S2-419066965	S2	0.342040
S1-632875267	S2-698632716	S2	0.341799
S1-632875267	S3-421806591	S3	0.340710
S1-632875267	S2-699967762	S2	0.340532
S1-632875267	S3-620132762	S3	0.338826
S1-632875267	S2-197200716	S2	0.338196
S1-632875267	S2-324260973	S2	0.338105
S1-632875267	S3-435552152	S3	0.336942
S1-632875267	S2-259913460	S2	0.336095
S1-632875267	S2-687523232	S2	0.335549
S1-632875267	S3-316604183	S3	0.335535
S1-632875267	S2-594550708	S2	0.334759
S1-632875267	S3-658172025	S3	0.334625
S1-632875267	S3-713937501	S3	0.333575
S1-632875267	S2-786787771	S2	0.330227
S1-632875267	S2-641490588	S2	0.330125
S1-632875267	S3-906094068	S3	0.328676
S1-632875267	S2-569502741	S2	0.327403
S1-632875267	S2-628125677	S2	0.327403
S1-632875267	S2-879791597	S2	0.327403
S1-632875267	S2-294718003	S2	0.326811
S1-632875267	S3-131137793	S3	0.324241
S1-632875267	S2-744749551	S2	0.323226
S1-632875267	S2-942763731	S2	0.323226
S1-632875267	S2-653372127	S2	0.321269
S1-632875267	S3-749064020	S3	0.320679
S1-632875267	S3-987428132	S3	0.319363
S1-632875267	S3-19195247	S3	0.316437
S1-632875267	S2-925062549	S2	0.315585
S1-632875267	S2-181855499	S2	0.308645
S1-632875267	S2-378182111	S2	0.306980
S1-632875267	S2-729457563	S2	0.304768
S1-632875267	S2-26363801	S2	0.303577
S1-632875267	S2-642540253	S2	0.299903
S1-632875267	S2-15853991	S2	0.295785
S1-632875267	S2-362783396	S2	0.291018
S1-632875267	S2-761855605	S2	0.287211
S1-582295281	S2-666610885	S2	0.959681
S1-582295281	S3-387095070	S3	0.768997
S1-582295281	S3-30270413	S3	0.766080
S1-582295281	S2-15958982	S2	0.600000
S1-582295281	S2-252935222	S2	0.600000
S1-582295281	S2-334588964	S2	0.600000
S1-582295281	S2-521984408	S2	0.600000
S1-582295281	S2-529766606	S2	0.600000
S1-582295281	S2-820079134	S2	0.600000
S1-582295281	S2-881281683	S2	0.600000
S1-582295281	S2-883183107	S2	0.600000
S1-582295281	S3-869831789	S3	0.600000
S1-582295281	S3-102699784	S3	0.551298
S1-582295281	S3-722357702	S3	0.533641
S1-582295281	S3-748659600	S3	0.517415
S1-582295281	S2-885990499	S2	0.513000
S1-582295281	S2-747306599	S2	0.500809
S1-582295281	S3-168299416	S3	0.483680
S1-582295281	S3-7599027	S3	0.482759
S1-582295281	S3-64917613	S3	0.479344
S1-582295281	S2-791874533	S2	0.479138
S1-582295281	S2-171877065	S2	0.476201
S1-582295281	S2-889675479	S2	0.454002
S1-582295281	S3-7905403	S3	0.450418
S1-582295281	S2-84397979	S2	0.432469
S1-582295281	S2-439445383	S2	0.431935
S1-582295281	S3-433154216	S3	0.429605
S1-582295281	S3-160890502	S3	0.429309
S1-582295281	S2-501503817	S2	0.427407
S1-582295281	S3-984301827	S3	0.427261
S1-582295281	S3-311503482	S3	0.426144
S1-582295281	S3-927139544	S3	0.422319
S1-582295281	S2-511661512	S2	0.422294
S1-582295281	S3-277520971	S3	0.419584
S1-582295281	S2-27251857	S2	0.415062
S1-582295281	S3-938849112	S3	0.414455
S1-582295281	S3-387772172	S3	0.412163
S1-582295281	S2-481332596	S2	0.409185
S1-582295281	S3-959444121	S3	0.408660
S1-582295281	S3-325006267	S3	0.405927
S1-582295281	S2-681442590	S2	0.404067
S1-582295281	S2-257452515	S2	0.404023
S1-582295281	S2-586811402	S2	0.399806
S1-582295281	S2-803178627	S2	0.399384
S1-582295281	S2-268223807	S2	0.399124
S1-582295281	S3-798127798	S3	0.397493
S1-582295281	S2-819075761	S2	0.396694
S1-582295281	S3-10355697	S3	0.395704
S1-582295281	S3-141130235	S3	0.395124
S1-582295281	S2-983517482	S2	0.394423
S1-582295281	S3-213042123	S3	0.393671
S1-582295281	S3-691830551	S3	0.393671
S1-582295281	S3-618324275	S3	0.393655
S1-582295281	S2-464703440	S2	0.393433
S1-582295281	S3-249112133	S3	0.393308
S1-582295281	S3-721636335	S3	0.392743
S1-582295281	S3-722958637	S3	0.392573
S1-582295281	S2-251287151	S2	0.392047
S1-582295281	S2-802360195	S2	0.391832
S1-582295281	S3-646622595	S3	0.391264
S1-582295281	S2-111816716	S2	0.390834
S1-582295281	S2-276122528	S2	0.389988
S1-582295281	S3-62176162	S3	0.389108
S1-582295281	S3-253681321	S3	0.388194
S1-582295281	S3-620188547	S3	0.386103
S1-582295281	S3-482934881	S3	0.385663
S1-582295281	S2-508087457	S2	0.385568
S1-582295281	S3-957210948	S3	0.384717
S1-582295281	S3-248481472	S3	0.384103
S1-582295281	S3-965927884	S3	0.383251
S1-582295281	S2-493766089	S2	0.382908
S1-582295281	S2-373958926	S2	0.382142
S1-582295281	S2-755947758	S2	0.382089
S1-582295281	S2-436673262	S2	0.380163
S1-582295281	S3-541111606	S3	0.379680
S1-582295281	S3-554761292	S3	0.379457
S1-582295281	S2-992775245	S2	0.379336
S1-582295281	S2-255539620	S2	0.378866
S1-582295281	S3-465699117	S3	0.378792
S1-582295281	S3-145794724	S3	0.377274
S1-582295281	S3-510489181	S3	0.377228
S1-582295281	S3-785401191	S3	0.377139
S1-582295281	S3-585556735	S3	0.377093
S1-582295281	S2-1748990	S2	0.376408
S1-582295281	S2-895500762	S2	0.376044
S1-582295281	S3-216214516	S3	0.375551
S1-582295281	S3-22073553	S3	0.375551
S1-582295281	S3-32586392	S3	0.375551
S1-582295281	S3-445479326	S3	0.375551
S1-582295281	S3-508171825	S3	0.375551
S1-582295281	S3-564872943	S3	0.375551
S1-582295281	S3-881324106	S3	0.375551
S1-582295281	S2-605861869	S2	0.375456
S1-582295281	S2-690258977	S2	0.375456
S1-582295281	S2-901003647	S2	0.374306
S1-582295281	S2-512495674	S2	0.373489
S1-582295281	S2-128913920	S2	0.370834
S1-582295281	S2-861933758	S2	0.369392
S1-582295281	S2-757180547	S2	0.369179
S1-582295281	S2-868207795	S2	0.367822
S1-582295281	S2-183464964	S2	0.367361
S1-582295281	S2-992719438	S2	0.366821
S1-582295281	S3-428251430	S3	0.281296
S1-582295281	S3-183594445	S3	0.256690
S1-582295281	S2-123248417	S2	0.255503
S1-582295281	S3-22349317	S3	0.246814
S1-582295281	S3-554223766	S3	0.246814
S1-582295281	S3-905465429	S3	0.223842
S1-582295281	S3-716472596	S3	0.221216
S1-582295281	S3-234700363	S3	0.217303
S1-582295281	S2-162438760	S2	0.205620
S1-582295281	S2-294391361	S2	0.204899
S1-582295281	S2-655837650	S2	0.204899
S1-582295281	S3-962835296	S3	0.197026
S1-582295281	S2-253313294	S2	0.196253
S1-582295281	S2-268867601	S2	0.196253
S1-582295281	S2-332064303	S2	0.196253
S1-582295281	S2-338126960	S2	0.196253
S1-582295281	S2-347489486	S2	0.196253
S1-582295281	S2-348259420	S2	0.196253
S1-582295281	S2-41551350	S2	0.196253
S1-582295281	S2-444081689	S2	0.196253
S1-582295281	S2-535416509	S2	0.196253
S1-582295281	S2-710771439	S2	0.196253
S1-582295281	S2-724238753	S2	0.196253
S1-582295281	S2-742051229	S2	0.196253
S1-582295281	S2-749868641	S2	0.196253
S1-582295281	S2-763659120	S2	0.196253
S1-582295281	S2-802065787	S2	0.196253
S1-582295281	S2-810012795	S2	0.196253
S1-582295281	S2-870760778	S2	0.196253
S1-582295281	S2-885275868	S2	0.196253
S1-582295281	S2-975326500	S2	0.196253
S1-582295281	S2-98220216	S2	0.196253
S1-582295281	S3-390305536	S3	0.192650
S1-582295281	S2-900352858	S2	0.186852
S1-582295281	S2-432061785	S2	0.184650
S1-582295281	S2-673548558	S2	0.183967
S1-582295281	S3-740344136	S3	0.183665
S1-582295281	S2-350848915	S2	0.183608
S1-582295281	S3-657969500	S3	0.181526
S1-582295281	S3-495248218	S3	0.181003
S1-582295281	S3-660216517	S3	0.179644
S1-582295281	S3-751047534	S3	0.179644
S1-582295281	S3-194619227	S3	0.171570
S1-582295281	S3-244725045	S3	0.166848
S1-582295281	S3-166625086	S3	0.165650
S1-582295281	S3-554624935	S3	0.163292
S1-582295281	S3-341225956	S3	0.160943
S1-582295281	S3-220086510	S3	0.158945
S1-253266354	S3-951022409	S3	0.996546
S1-253266354	S2-279628523	S2	0.986249
S1-253266354	S2-170524319	S2	0.809544
S1-253266354	S3-294336109	S3	0.706444
S1-253266354	S2-484828848	S2	0.625937
S1-253266354	S2-558029362	S2	0.610351
S1-253266354	S3-141959566	S3	0.608177
S1-253266354	S2-811784878	S2	0.604967
S1-253266354	S2-84909901	S2	0.603050
S1-253266354	S2-962640679	S2	0.603050
S1-253266354	S3-691995962	S3	0.601915
S1-253266354	S2-586011762	S2	0.601741
S1-253266354	S3-503903675	S3	0.601232
S1-253266354	S3-735835821	S3	0.600689
S1-253266354	S2-481307638	S2	0.600648
S1-253266354	S3-542770368	S3	0.600545
S1-253266354	S2-133514321	S2	0.600000
S1-253266354	S2-175073032	S2	0.600000
S1-253266354	S2-246860276	S2	0.600000
S1-253266354	S2-262440298	S2	0.600000
S1-253266354	S2-269089337	S2	0.600000
S1-253266354	S2-367343794	S2	0.600000
S1-253266354	S2-369004597	S2	0.600000
S1-253266354	S2-403091031	S2	0.600000
S1-253266354	S2-503021069	S2	0.600000
S1-253266354	S2-572906254	S2	0.600000
S1-253266354	S2-619482052	S2	0.600000
S1-253266354	S2-673958359	S2	0.600000
S1-253266354	S2-809301338	S2	0.600000
S1-253266354	S2-849877747	S2	0.600000
S1-253266354	S2-909938275	S2	0.600000
S1-253266354	S3-123137756	S3	0.600000
S1-253266354	S3-125230865	S3	0.600000
S1-253266354	S3-146453796	S3	0.600000
S1-253266354	S3-152011963	S3	0.600000
S1-253266354	S3-200064372	S3	0.600000
S1-253266354	S3-273882264	S3	0.600000
S1-253266354	S3-288531189	S3	0.600000
S1-253266354	S3-32722683	S3	0.600000
S1-253266354	S3-335903490	S3	0.600000
S1-253266354	S3-349205499	S3	0.600000
S1-253266354	S3-391574415	S3	0.600000
S1-253266354	S3-40777265	S3	0.600000
S1-253266354	S3-415610920	S3	0.600000
S1-253266354	S3-455087338	S3	0.600000
S1-253266354	S3-476688535	S3	0.600000
S1-253266354	S3-507609915	S3	0.600000
S1-253266354	S3-554483155	S3	0.600000
S1-253266354	S3-68206070	S3	0.600000
S1-253266354	S3-704961471	S3	0.600000
S1-253266354	S3-773208924	S3	0.600000
S1-253266354	S3-793110662	S3	0.600000
S1-253266354	S3-877668360	S3	0.600000
S1-253266354	S3-897764160	S3	0.600000
S1-253266354	S3-913007776	S3	0.600000
S1-253266354	S2-482264483	S2	0.582686
S1-253266354	S3-477058880	S3	0.579790
S1-253266354	S2-843556850	S2	0.563553
S1-253266354	S3-301589609	S3	0.557206
S1-253266354	S2-829255616	S2	0.544176
S1-253266354	S2-371794942	S2	0.524529
S1-253266354	S3-722269393	S3	0.515596
S1-253266354	S3-756834864	S3	0.502984
S1-253266354	S2-425786027	S2	0.500613
S1-253266354	S3-187623967	S3	0.500231
S1-253266354	S2-351368430	S2	0.496725
S1-253266354	S3-713457373	S3	0.495270
S1-253266354	S3-199042674	S3	0.495193
S1-253266354	S3-471690178	S3	0.491602
S1-253266354	S3-969830866	S3	0.487191
S1-253266354	S3-647528055	S3	0.484964
S1-253266354	S3-364721087	S3	0.484295
S1-253266354	S2-303099638	S2	0.480042
S1-253266354	S2-208146524	S2	0.475765
S1-253266354	S2-76954911	S2	0.472563
S1-253266354	S2-953029675	S2	0.470262
S1-253266354	S2-643425993	S2	0.468097
S1-253266354	S3-640110197	S3	0.461041
S1-253266354	S3-384961200	S3	0.459366
S1-253266354	S3-824863315	S3	0.458421
S1-253266354	S2-774018219	S2	0.457957
S1-253266354	S2-912694349	S2	0.455652
S1-253266354	S2-469151910	S2	0.454993
S1-253266354	S2-96194428	S2	0.452187
S1-253266354	S2-405998819	S2	0.451585
S1-253266354	S2-685540916	S2	0.451459
S1-253266354	S3-14975370	S3	0.451034
S1-253266354	S2-142253525	S2	0.450850
S1-253266354	S2-44612837	S2	0.450850
S1-253266354	S3-707873897	S3	0.449326
S1-253266354	S2-838662332	S2	0.448785
S1-253266354	S3-510866640	S3	0.448255
S1-253266354	S2-628207927	S2	0.447157
S1-253266354	S3-67757842	S3	0.446824
S1-253266354	S2-130212703	S2	0.445626
S1-253266354	S3-250063449	S3	0.445525
S1-253266354	S3-551327013	S3	0.445525
S1-253266354	S3-552379628	S3	0.445525
S1-253266354	S3-815820257	S3	0.445525
S1-253266354	S3-968599676	S3	0.445525
S1-253266354	S2-934943667	S2	0.442695
S1-253266354	S2-456208456	S2	0.440710
S1-253266354	S2-761161151	S2	0.438585
S1-253266354	S2-717329569	S2	0.438537
S1-253266354	S2-953588261	S2	0.437327
S1-253266354	S2-625627459	S2	0.436833
S1-253266354	S2-675131168	S2	0.427605
S1-253266354	S2-532995436	S2	0.356652
S1-253266354	S2-127344111	S2	0.344724
S1-253266354	S2-291866739	S2	0.341704
S1-253266354	S2-460049486	S2	0.333158
S1-253266354	S3-633320505	S3	0.329133
S1-253266354	S2-50962332	S2	0.320910
S1-253266354	S3-228133367	S3	0.320866
S1-253266354	S3-24452507	S3	0.316054
S1-253266354	S2-460613295	S2	0.308786
S1-253266354	S3-737571279	S3	0.304532
S1-253266354	S2-555731076	S2	0.301930
S1-253266354	S3-360581893	S3	0.301288
S1-253266354	S2-202429927	S2	0.299867
S1-253266354	S2-167918316	S2	0.299115
S1-253266354	S2-113612039	S2	0.296463
S1-253266354	S3-588429283	S3	0.290841
S1-253266354	S2-423430215	S2	0.289785
S1-253266354	S3-266334405	S3	0.283962
S1-253266354	S2-437519767	S2	0.282094
S1-253266354	S2-872296983	S2	0.280231
S1-253266354	S3-480321504	S3	0.278298
S1-253266354	S3-405905627	S3	0.276486
S1-253266354	S2-981465606	S2	0.275712
S1-253266354	S3-174640546	S3	0.270942
S1-253266354	S3-90916309	S3	0.266859
S1-253266354	S3-12191197	S3	0.266455
S1-253266354	S2-704409336	S2	0.257296
S1-253266354	S2-767113426	S2	0.256565
S1-253266354	S2-295310066	S2	0.255142
S1-253266354	S3-616223379	S3	0.253434
S1-253266354	S2-845099029	S2	0.253111
S1-253266354	S3-212363783	S3	0.251820
S1-253266354	S2-449797865	S2	0.249827
S1-253266354	S3-378092175	S3	0.247574
S1-253266354	S2-458683076	S2	0.246186
S1-253266354	S2-678000604	S2	0.244296
S1-253266354	S3-770920391	S3	0.239434
S1-253266354	S3-857553295	S3	0.239047
S1-253266354	S2-662403917	S2	0.237762
S1-253266354	S3-23314923	S3	0.236741
S1-253266354	S2-140050958	S2	0.236740
S1-253266354	S2-952738386	S2	0.234811
S1-253266354	S2-329155650	S2	0.234333
S1-155344653	S2-762271984	S2	0.927914
S1-155344653	S2-102940562	S2	0.600000
S1-155344653	S2-119715972	S2	0.600000
S1-155344653	S2-155940677	S2	0.600000
S1-155344653	S2-17596431	S2	0.600000
S1-155344653	S2-204555599	S2	0.600000
S1-155344653	S2-294413517	S2	0.600000
S1-155344653	S2-415273143	S2	0.600000
S1-155344653	S2-418683784	S2	0.600000
S1-155344653	S2-547861880	S2	0.600000
S1-155344653	S2-61727059	S2	0.600000
S1-155344653	S2-642219787	S2	0.600000
S1-155344653	S2-698649454	S2	0.600000
S1-155344653	S2-793483679	S2	0.600000
S1-155344653	S2-820555568	S2	0.600000
S1-155344653	S2-863515246	S2	0.600000
S1-155344653	S2-938124823	S2	0.600000
S1-155344653	S3-101683738	S3	0.600000
S1-155344653	S3-118398721	S3	0.600000
S1-155344653	S3-143247566	S3	0.600000
S1-155344653	S3-185575438	S3	0.600000
S1-155344653	S3-190112833	S3	0.600000
S1-155344653	S3-208016051	S3	0.600000
S1-155344653	S3-258918748	S3	0.600000
S1-155344653	S3-278709930	S3	0.600000
S1-155344653	S3-290071523	S3	0.600000
S1-155344653	S3-292977745	S3	0.600000
S1-155344653	S3-338711016	S3	0.600000
S1-155344653	S3-395288682	S3	0.600000
S1-155344653	S3-395601712	S3	0.600000
S1-155344653	S3-418912389	S3	0.600000
S1-155344653	S3-426818019	S3	0.600000
S1-155344653	S3-429222868	S3	0.600000
S1-155344653	S3-436392172	S3	0.600000
S1-155344653	S3-468973609	S3	0.600000
S1-155344653	S3-47831769	S3	0.600000
S1-155344653	S3-481296770	S3	0.600000
S1-155344653	S3-610079307	S3	0.600000
S1-155344653	S3-666205388	S3	0.600000
S1-155344653	S3-685158959	S3	0.600000
S1-155344653	S3-722741674	S3	0.600000
S1-155344653	S3-724615201	S3	0.600000
S1-155344653	S3-853041426	S3	0.600000
S1-155344653	S3-883342610	S3	0.600000
S1-155344653	S3-887883634	S3	0.600000
S1-155344653	S3-958831595	S3	0.600000
S1-155344653	S3-965738529	S3	0.600000
S1-155344653	S3-980418020	S3	0.600000
S1-155344653	S3-275328521	S3	0.583299
S1-155344653	S3-497839388	S3	0.579649
S1-155344653	S2-123868146	S2	0.559277
S1-155344653	S2-219068234	S2	0.538086
S1-155344653	S3-815540654	S3	0.520835
S1-155344653	S2-434938046	S2	0.518744
S1-155344653	S3-397310268	S3	0.518329
S1-155344653	S2-832260071	S2	0.516741
S1-155344653	S2-971335302	S2	0.516059
S1-155344653	S3-201799236	S3	0.513765
S1-155344653	S3-50449880	S3	0.513477
S1-155344653	S3-121698192	S3	0.513202
S1-155344653	S3-559125519	S3	0.512566
S1-155344653	S3-178355529	S3	0.512029
S1-155344653	S3-865220103	S3	0.506452
S1-155344653	S3-237456627	S3	0.505890
S1-155344653	S3-425674497	S3	0.500518
S1-155344653	S3-505740090	S3	0.499567
S1-155344653	S2-49065843	S2	0.499175
S1-155344653	S3-173908840	S3	0.498456
S1-155344653	S3-500930715	S3	0.496161
S1-155344653	S2-357928030	S2	0.495817
S1-155344653	S3-621590105	S3	0.493888
S1-155344653	S2-591296417	S2	0.486140
S1-155344653	S3-382630651	S3	0.485694
S1-155344653	S2-300487312	S2	0.485612
S1-155344653	S2-558598915	S2	0.485612
S1-155344653	S2-569806670	S2	0.485612
S1-155344653	S2-958788696	S2	0.485612
S1-155344653	S3-318366159	S3	0.484874
S1-155344653	S3-510833034	S3	0.484874
S1-155344653	S2-847919641	S2	0.484088
S1-155344653	S3-427879365	S3	0.481691
S1-155344653	S2-979997017	S2	0.480185
S1-155344653	S2-569851645	S2	0.462447
S1-155344653	S2-565542799	S2	0.461926
S1-155344653	S2-768669758	S2	0.454901
S1-155344653	S2-40543463	S2	0.444464
S1-155344653	S2-301270734	S2	0.440778
S1-155344653	S2-360738426	S2	0.440306
S1-155344653	S2-282754331	S2	0.435755
S1-155344653	S2-468472850	S2	0.435213
S1-155344653	S2-214508994	S2	0.432753
S1-155344653	S2-861572202	S2	0.427713
S1-155344653	S2-721838452	S2	0.426767
S1-155344653	S2-476220872	S2	0.417024
S1-155344653	S2-525539982	S2	0.417024
S1-155344653	S2-867618560	S2	0.417024
S1-155344653	S2-480588468	S2	0.415426
S1-155344653	S2-746550283	S2	0.414934
S1-155344653	S2-671952552	S2	0.411191
S1-155344653	S2-348383420	S2	0.410744
S1-155344653	S2-968293949	S2	0.410374
S1-155344653	S2-870789033	S2	0.406685
S1-155344653	S2-918691822	S2	0.218619
S1-155344653	S2-677455613	S2	0.199143
S1-155344653	S2-119960493	S2	0.197798
S1-155344653	S2-827209329	S2	0.197672
S1-155344653	S3-521063302	S3	0.195740
S1-155344653	S3-867337494	S3	0.194371
S1-155344653	S3-526631227	S3	0.194128
S1-155344653	S3-365597342	S3	0.191879
S1-155344653	S3-15421002	S3	0.189173
S1-155344653	S3-222417845	S3	0.186445
S1-155344653	S3-282264294	S3	0.185307
S1-155344653	S3-760211606	S3	0.181525
S1-155344653	S3-136087849	S3	0.147365
S1-155344653	S3-125276404	S3	0.142143
S1-155344653	S3-845534690	S3	0.139246
S1-155344653	S3-124735265	S3	0.129555
S1-155344653	S3-684646813	S3	0.127582
S1-155344653	S3-328447548	S3	0.122321
S1-155344653	S3-631650407	S3	0.121926
S1-155344653	S3-472214000	S3	0.119427
S1-155344653	S3-479255420	S3	0.119142
S1-155344653	S3-845872670	S3	0.119142
S1-155344653	S3-534055410	S3	0.118448
S1-155344653	S3-425334388	S3	0.117758
S1-155344653	S3-210988136	S3	0.116192
S1-155344653	S2-109313249	S2	0.114300
S1-155344653	S3-796107856	S3	0.109754
S1-155344653	S3-16297348	S3	0.109311
S1-155344653	S2-611154162	S2	0.109201
S1-155344653	S3-888182558	S3	0.106040
S1-155344653	S3-477658939	S3	0.105523
S1-155344653	S3-19105932	S3	0.105388
S1-155344653	S3-865977839	S3	0.105314
S1-155344653	S3-501568476	S3	0.105147
S1-155344653	S3-910397764	S3	0.104761
S1-155344653	S2-670978412	S2	0.103762
S1-155344653	S2-335559612	S2	0.102776
S1-155344653	S2-405855734	S2	0.102776
S1-155344653	S2-25708619	S2	0.101719
S1-155344653	S2-636841135	S2	0.101719
S1-155344653	S2-311912341	S2	0.101619
S1-155344653	S2-626941510	S2	0.101619
S1-155344653	S2-72056795	S2	0.101619
S1-155344653	S2-205758922	S2	0.100556
S1-155344653	S2-116237998	S2	0.099931
S1-155344653	S2-283009989	S2	0.095622
S1-155344653	S2-388771672	S2	0.093563
S1-155344653	S2-10239326	S2	0.093424
S1-891120103	S2-573992934	S2	0.957783
S1-891120103	S2-119297873	S2	0.904645
S1-891120103	S3-639551635	S3	0.875937
S1-891120103	S2-962172509	S2	0.849832
S1-891120103	S3-180129397	S3	0.672788
S1-891120103	S3-145556115	S3	0.618242
S1-891120103	S2-118721017	S2	0.600000
S1-891120103	S2-280636628	S2	0.600000
S1-891120103	S2-316844733	S2	0.600000
S1-891120103	S2-465710656	S2	0.600000
S1-891120103	S2-504973633	S2	0.600000
S1-891120103	S2-558307849	S2	0.600000
S1-891120103	S2-614463560	S2	0.600000
S1-891120103	S2-653662441	S2	0.600000
S1-891120103	S2-677139290	S2	0.600000
S1-891120103	S2-83604157	S2	0.600000
S1-891120103	S2-973145537	S2	0.600000
S1-891120103	S3-114187591	S3	0.600000
S1-891120103	S3-178548812	S3	0.600000
S1-891120103	S3-190874237	S3	0.600000
S1-891120103	S3-218040315	S3	0.600000
S1-891120103	S3-225462331	S3	0.600000
S1-891120103	S3-231046148	S3	0.600000
S1-891120103	S3-302230356	S3	0.600000
S1-891120103	S3-362106486	S3	0.600000
S1-891120103	S3-401072354	S3	0.600000
S1-891120103	S3-418556834	S3	0.600000
S1-891120103	S3-429943844	S3	0.600000
S1-891120103	S3-450247952	S3	0.600000
S1-891120103	S3-497401592	S3	0.600000
S1-891120103	S3-515412090	S3	0.600000
S1-891120103	S3-519894599	S3	0.600000
S1-891120103	S3-544305190	S3	0.600000
S1-891120103	S3-568062442	S3	0.600000
S1-891120103	S3-614861361	S3	0.600000
S1-891120103	S3-718219279	S3	0.600000
S1-891120103	S3-760186890	S3	0.600000
S1-891120103	S3-784978547	S3	0.600000
S1-891120103	S3-847008324	S3	0.600000
S1-891120103	S3-864618054	S3	0.600000
S1-891120103	S3-900396747	S3	0.600000
S1-891120103	S3-912252196	S3	0.600000
S1-891120103	S3-955450416	S3	0.600000
S1-891120103	S3-269962764	S3	0.560789
S1-891120103	S2-346977973	S2	0.550435
S1-891120103	S3-4712470	S3	0.533386
S1-891120103	S3-225027725	S3	0.532288
S1-891120103	S2-229336324	S2	0.525644
S1-891120103	S3-305613441	S3	0.525292
S1-891120103	S3-899319017	S3	0.524851
S1-891120103	S2-221083490	S2	0.523700
S1-891120103	S3-531431238	S3	0.510641
S1-891120103	S3-566815968	S3	0.510124
S1-891120103	S3-895808756	S3	0.507062
S1-891120103	S2-2503989	S2	0.504437
S1-891120103	S3-654325505	S3	0.503661
S1-891120103	S2-526228380	S2	0.501673
S1-891120103	S2-546742135	S2	0.497208
S1-891120103	S3-134142095	S3	0.491160
S1-891120103	S3-475170817	S3	0.489455
S1-891120103	S3-405353838	S3	0.487041
S1-891120103	S2-475909979	S2	0.486398
S1-891120103	S2-14072135	S2	0.486331
S1-891120103	S3-377902509	S3	0.485649
S1-891120103	S3-44583112	S3	0.485649
S1-891120103	S3-625227591	S3	0.485649
S1-891120103	S3-718621582	S3	0.485649
S1-891120103	S3-78571346	S3	0.485649
S1-891120103	S3-818964364	S3	0.485649
S1-891120103	S3-854911851	S3	0.485649
S1-891120103	S3-863956940	S3	0.485649
S1-891120103	S2-4258341	S2	0.485428
S1-891120103	S2-78257497	S2	0.485428
S1-891120103	S3-535608378	S3	0.482934
S1-891120103	S2-533337857	S2	0.482558
S1-891120103	S2-26809761	S2	0.482532
S1-891120103	S2-219875928	S2	0.482462
S1-891120103	S2-404480091	S2	0.481126
S1-891120103	S3-590937687	S3	0.480134
S1-891120103	S3-877180201	S3	0.479727
S1-891120103	S2-1886796	S2	0.479531
S1-891120103	S3-109603154	S3	0.478475
S1-891120103	S3-283596892	S3	0.478443
S1-891120103	S3-407990243	S3	0.478443
S1-891120103	S3-419014773	S3	0.478443
S1-891120103	S3-856677886	S3	0.478443
S1-891120103	S3-328391741	S3	0.477764
S1-891120103	S2-361004697	S2	0.476859
S1-891120103	S2-218026973	S2	0.476802
S1-891120103	S2-705289675	S2	0.472092
S1-891120103	S2-441318406	S2	0.471946
S1-891120103	S2-381002339	S2	0.469425
S1-891120103	S2-232813099	S2	0.465405
S1-891120103	S2-589824887	S2	0.461947
S1-891120103	S2-354515997	S2	0.457803
S1-891120103	S2-131968969	S2	0.457735
S1-891120103	S2-910088949	S2	0.456462
S1-891120103	S2-891939428	S2	0.453858
S1-891120103	S2-197329059	S2	0.453700
S1-891120103	S2-73506798	S2	0.452779
S1-891120103	S2-183066122	S2	0.452633
S1-891120103	S2-606828652	S2	0.452633
S1-891120103	S2-903193739	S2	0.452633
S1-891120103	S2-19310347	S2	0.452480
S1-891120103	S2-281581681	S2	0.451597
S1-891120103	S2-753325899	S2	0.451239
S1-891120103	S2-664900858	S2	0.448818
S1-891120103	S2-625144599	S2	0.448783
S1-891120103	S2-63766571	S2	0.445883
S1-891120103	S2-851833273	S2	0.443733
S1-891120103	S2-132115865	S2	0.442073
S1-891120103	S3-526076167	S3	0.433509
S1-891120103	S3-649971134	S3	0.413028
S1-891120103	S3-940433740	S3	0.403209
S1-891120103	S2-264714204	S2	0.394487
S1-891120103	S2-477124656	S2	0.385423
S1-891120103	S3-536211311	S3	0.383627
S1-891120103	S3-717794750	S3	0.368295
S1-891120103	S2-406769257	S2	0.348151
S1-891120103	S2-540213180	S2	0.344863
S1-891120103	S2-308841914	S2	0.343267
S1-891120103	S2-333467356	S2	0.337159
S1-891120103	S2-103034814	S2	0.330100
S1-891120103	S2-568886617	S2	0.329514
S1-891120103	S2-433639813	S2	0.323477
S1-891120103	S3-51877769	S3	0.321828
S1-891120103	S2-256289703	S2	0.319662
S1-891120103	S2-557836576	S2	0.319270
S1-891120103	S2-794272513	S2	0.318893
S1-891120103	S3-630306003	S3	0.318103
S1-891120103	S2-410779682	S2	0.314026
S1-891120103	S2-296366555	S2	0.312353
S1-891120103	S2-689618316	S2	0.312353
S1-891120103	S2-777953677	S2	0.312353
S1-891120103	S2-797124610	S2	0.312353
S1-891120103	S2-886855079	S2	0.312353
S1-891120103	S2-921636593	S2	0.312353
S1-891120103	S2-961119896	S2	0.312353
S1-891120103	S3-569477504	S3	0.310209
S1-891120103	S2-563886159	S2	0.306479
S1-891120103	S2-430317539	S2	0.300859
S1-891120103	S2-502774956	S2	0.300859
S1-891120103	S2-947397345	S2	0.300859
S1-891120103	S2-961902705	S2	0.300859
S1-891120103	S3-790774891	S3	0.298657
S1-891120103	S3-878389892	S3	0.285833
S1-891120103	S3-742740870	S3	0.284498
S1-891120103	S3-425133751	S3	0.276102
S1-891120103	S3-157411049	S3	0.270505
S1-891120103	S3-180276979	S3	0.270505
